seed,model,target,h,regime,mae,coverage80,n
201,ridge,propensity,0,all,0.019602460543658214,0.7444444444444445,180
201,ridge,propensity,0,event,0.024312057680890908,0.75,16
201,ridge,propensity,0,disrupted,0.027851172212276436,0.5416666666666666,24
201,ridge,propensity,0,normal,0.01834546134857881,0.7622377622377622,143
201,ridge,propensity,1,all,0.01966839995852025,0.7555555555555555,180
201,ridge,propensity,1,event,0.023635810591176372,0.8125,16
201,ridge,propensity,1,disrupted,0.02842361338818922,0.48,25
201,ridge,propensity,1,normal,0.018289918704746975,0.7887323943661971,142
201,ridge,propensity,2,all,0.019741054457404546,0.7444444444444445,180
201,ridge,propensity,2,event,0.023066854838961877,0.75,16
201,ridge,propensity,2,disrupted,0.02841779208041965,0.5769230769230769,26
201,ridge,propensity,2,normal,0.01828427663659738,0.7659574468085106,141
201,ridge,propensity,3,all,0.01940949399428565,0.7388888888888889,180
201,ridge,propensity,3,event,0.02353694232330803,0.6875,16
201,ridge,propensity,3,disrupted,0.026917833264385873,0.6153846153846154,26
201,ridge,propensity,3,normal,0.017908800303328646,0.7588652482269503,141
201,ridge,propensity,4,all,0.019278868662607515,0.7444444444444445,180
201,ridge,propensity,4,event,0.02310370621109409,0.6875,16
201,ridge,propensity,4,disrupted,0.024130176369857717,0.6538461538461539,26
201,ridge,propensity,4,normal,0.018221300252847565,0.7588652482269503,141
201,ridge,propensity,5,all,0.019281411750228593,0.7555555555555555,180
201,ridge,propensity,5,event,0.022508586548933528,0.8125,16
201,ridge,propensity,5,disrupted,0.02340329509035059,0.7037037037037037,27
201,ridge,propensity,5,normal,0.018324713410818677,0.7571428571428571,140
201,ridge,propensity,6,all,0.019467004129168863,0.7277777777777777,180
201,ridge,propensity,6,event,0.02081331091795305,0.75,16
201,ridge,propensity,6,disrupted,0.02356075798421545,0.6071428571428571,28
201,ridge,propensity,6,normal,0.018699498013359208,0.7410071942446043,139
201,ridge,propensity,7,all,0.019875320167293552,0.7111111111111111,180
201,ridge,propensity,7,event,0.02157795401933165,0.6875,16
201,ridge,propensity,7,disrupted,0.02516299872453309,0.5517241379310345,29
201,ridge,propensity,7,normal,0.018842093959505996,0.7391304347826086,138
201,ridge,propensity,8,all,0.020068774619619,0.7388888888888889,180
201,ridge,propensity,8,event,0.024960183689313183,0.625,16
201,ridge,propensity,8,disrupted,0.025332077708019367,0.6333333333333333,30
201,ridge,propensity,8,normal,0.018660788989144767,0.7664233576642335,137
201,ridge,propensity,9,all,0.019677741273715656,0.7444444444444445,180
201,ridge,propensity,9,event,0.025187933979053265,0.6,15
201,ridge,propensity,9,disrupted,0.02572999360149601,0.5806451612903226,31
201,ridge,propensity,9,normal,0.017998831221913432,0.7883211678832117,137
201,ridge,propensity,10,all,0.0192418250208646,0.7777777777777778,180
201,ridge,propensity,10,event,0.02566600226161848,0.6666666666666666,15
201,ridge,propensity,10,disrupted,0.02541992550786766,0.65625,32
201,ridge,propensity,10,normal,0.017529813300941378,0.8088235294117647,136
201,ridge,propensity,11,all,0.018922743678730546,0.7833333333333333,180
201,ridge,propensity,11,event,0.023419417296081737,0.8571428571428571,14
201,ridge,propensity,11,disrupted,0.024505000320804958,0.696969696969697,33
201,ridge,propensity,11,normal,0.017434107289275556,0.7941176470588235,136
201,ridge,propensity,12,all,0.018316419062829138,0.8,180
201,ridge,propensity,12,event,0.02359046928701532,0.7857142857142857,14
201,ridge,propensity,12,disrupted,0.024147862150012855,0.6764705882352942,34
201,ridge,propensity,12,normal,0.01664758017297926,0.8296296296296296,135
201,ridge,propensity,13,all,0.018531522128136056,0.7888888888888889,180
201,ridge,propensity,13,event,0.02344378444997297,0.7857142857142857,14
201,ridge,propensity,13,disrupted,0.024985563807315012,0.6285714285714286,35
201,ridge,propensity,13,normal,0.016582384339495493,0.8283582089552238,134
201,ridge,arrivals,0,all,1.3606396965518333,0.7666666666666667,180
201,ridge,arrivals,0,event,1.424409932459531,0.8125,16
201,ridge,arrivals,0,disrupted,1.4615873684711767,0.7916666666666666,24
201,ridge,arrivals,0,normal,1.3220481467866487,0.7622377622377622,143
201,ridge,arrivals,1,all,1.3686395265714748,0.7777777777777778,180
201,ridge,arrivals,1,event,1.471984135108315,0.8125,16
201,ridge,arrivals,1,disrupted,1.5074023696234078,0.84,25
201,ridge,arrivals,1,normal,1.3268817711633405,0.7676056338028169,142
201,ridge,arrivals,2,all,1.377535632264503,0.7666666666666667,180
201,ridge,arrivals,2,event,1.4977193940300717,0.75,16
201,ridge,arrivals,2,disrupted,1.5864762739392653,0.7692307692307693,26
201,ridge,arrivals,2,normal,1.3233951071851808,0.7659574468085106,141
201,ridge,arrivals,3,all,1.4058251928569423,0.7666666666666667,180
201,ridge,arrivals,3,event,1.62484968000066,0.6875,16
201,ridge,arrivals,3,disrupted,1.6393330141559943,0.7692307692307693,26
201,ridge,arrivals,3,normal,1.3412338520215425,0.7730496453900709,141
201,ridge,arrivals,4,all,1.4079143417433229,0.7833333333333333,180
201,ridge,arrivals,4,event,1.5491958686682143,0.8125,16
201,ridge,arrivals,4,disrupted,1.7006429607736346,0.7307692307692307,26
201,ridge,arrivals,4,normal,1.341258945730869,0.7872340425531915,141
201,ridge,arrivals,5,all,1.4129857014384177,0.7888888888888889,180
201,ridge,arrivals,5,event,1.6394440071384715,0.75,16
201,ridge,arrivals,5,disrupted,1.7126168133649757,0.7407407407407407,27
201,ridge,arrivals,5,normal,1.3296307807416683,0.8,140
201,ridge,arrivals,6,all,1.4354349517012215,0.7833333333333333,180
201,ridge,arrivals,6,event,1.6296474569586599,0.8125,16
201,ridge,arrivals,6,disrupted,1.7427907585637048,0.75,28
201,ridge,arrivals,6,normal,1.3471973221819962,0.7913669064748201,139
201,ridge,arrivals,7,all,1.4488263078684296,0.7833333333333333,180
201,ridge,arrivals,7,event,1.5709904294228854,0.8125,16
201,ridge,arrivals,7,disrupted,1.6866572765411902,0.7241379310344828,29
201,ridge,arrivals,7,normal,1.3779585771212748,0.7971014492753623,138
201,ridge,arrivals,8,all,1.4419354434226874,0.7722222222222223,180
201,ridge,arrivals,8,event,1.5405783793744205,0.8125,16
201,ridge,arrivals,8,disrupted,1.591962179132111,0.7333333333333333,30
201,ridge,arrivals,8,normal,1.3860819300847034,0.781021897810219,137
201,ridge,arrivals,9,all,1.429544852007889,0.7666666666666667,180
201,ridge,arrivals,9,event,1.3684010326415739,0.8666666666666667,15
201,ridge,arrivals,9,disrupted,1.589361145130158,0.7096774193548387,31
201,ridge,arrivals,9,normal,1.387138117924504,0.7737226277372263,137
201,ridge,arrivals,10,all,1.4034802586803774,0.7777777777777778,180
201,ridge,arrivals,10,event,1.4409738091867303,0.8666666666666667,15
201,ridge,arrivals,10,disrupted,1.5290710267961412,0.75,32
201,ridge,arrivals,10,normal,1.3600793562954578,0.7794117647058824,136
201,ridge,arrivals,11,all,1.4259668303173403,0.7666666666666667,180
201,ridge,arrivals,11,event,1.516988010759151,0.8571428571428571,14
201,ridge,arrivals,11,disrupted,1.602129779797806,0.7272727272727273,33
201,ridge,arrivals,11,normal,1.3737552621473044,0.7720588235294118,136
201,ridge,arrivals,12,all,1.4541345955715586,0.7777777777777778,180
201,ridge,arrivals,12,event,1.5485713861579404,0.8571428571428571,14
201,ridge,arrivals,12,disrupted,1.6647599100133095,0.7647058823529411,34
201,ridge,arrivals,12,normal,1.3933154056649164,0.7777777777777778,135
201,ridge,arrivals,13,all,1.463131227935723,0.7777777777777778,180
201,ridge,arrivals,13,event,1.6056525466236125,0.8571428571428571,14
201,ridge,arrivals,13,disrupted,1.731859403355553,0.7428571428571429,35
201,ridge,arrivals,13,normal,1.380243961429008,0.7835820895522388,134
201,ridge,price_fast,1,all,0.25590428105477625,0.7555555555555555,180
201,ridge,price_fast,1,event,0.27687228513773876,0.6875,16
201,ridge,price_fast,1,disrupted,0.6104917675918845,0.16,25
201,ridge,price_fast,1,normal,0.197961519418103,0.852112676056338,142
201,ridge,price_fast,2,all,0.273257239600231,0.7333333333333333,180
201,ridge,price_fast,2,event,0.2707868473085074,0.625,16
201,ridge,price_fast,2,disrupted,0.620169275405349,0.23076923076923078,26
201,ridge,price_fast,2,normal,0.2163908656511732,0.8226950354609929,141
201,ridge,price_fast,3,all,0.28606754763294284,0.75,180
201,ridge,price_fast,3,event,0.28145438351737506,0.6875,16
201,ridge,price_fast,3,disrupted,0.6203700585069725,0.2692307692307692,26
201,ridge,price_fast,3,normal,0.23060235464462372,0.8368794326241135,141
201,ridge,price_fast,4,all,0.29850665280416033,0.75,180
201,ridge,price_fast,4,event,0.2981198216072886,0.6875,16
201,ridge,price_fast,4,disrupted,0.6148938673065315,0.38461538461538464,26
201,ridge,price_fast,4,normal,0.24761754505881442,0.8156028368794326,141
201,ridge,price_fast,5,all,0.30824626575083064,0.7333333333333333,180
201,ridge,price_fast,5,event,0.3166587278080673,0.6875,16
201,ridge,price_fast,5,disrupted,0.5982819141882237,0.4074074074074074,27
201,ridge,price_fast,5,normal,0.2589597762180712,0.7928571428571428,140
201,ridge,price_fast,6,all,0.31630828392973076,0.7111111111111111,180
201,ridge,price_fast,6,event,0.3371212085128427,0.6875,16
201,ridge,price_fast,6,disrupted,0.5842968180392611,0.42857142857142855,28
201,ridge,price_fast,6,normal,0.26807920758625026,0.762589928057554,139
201,ridge,price_fast,7,all,0.32781895836950187,0.6833333333333333,180
201,ridge,price_fast,7,event,0.33298038413652875,0.5625,16
201,ridge,price_fast,7,disrupted,0.5665973466528507,0.4482758620689655,29
201,ridge,price_fast,7,normal,0.2853028198622966,0.7318840579710145,138
201,ridge,price_fast,8,all,0.34165422018605274,0.6944444444444444,180
201,ridge,price_fast,8,event,0.3472783592837313,0.5625,16
201,ridge,price_fast,8,disrupted,0.5570114071848233,0.5,30
201,ridge,price_fast,8,normal,0.30212846784353503,0.7372262773722628,137
201,ridge,price_fast,9,all,0.35671199265786613,0.6944444444444444,180
201,ridge,price_fast,9,event,0.35868049539465596,0.6,15
201,ridge,price_fast,9,disrupted,0.5589255983575664,0.4838709677419355,31
201,ridge,price_fast,9,normal,0.31945815584520426,0.7372262773722628,137
201,ridge,price_fast,10,all,0.36994100217080017,0.6611111111111111,180
201,ridge,price_fast,10,event,0.37949162564166394,0.6,15
201,ridge,price_fast,10,disrupted,0.5713306677429705,0.46875,32
201,ridge,price_fast,10,normal,0.3313550219097653,0.6985294117647058,136
201,ridge,price_fast,11,all,0.3826389562050726,0.6555555555555556,180
201,ridge,price_fast,11,event,0.3888544314985344,0.6428571428571429,14
201,ridge,price_fast,11,disrupted,0.5772906739322424,0.48484848484848486,33
201,ridge,price_fast,11,normal,0.34459775364593054,0.6838235294117647,136
201,ridge,price_fast,12,all,0.39017601082395204,0.6444444444444445,180
201,ridge,price_fast,12,event,0.39364261957908236,0.6428571428571429,14
201,ridge,price_fast,12,disrupted,0.5765331406542024,0.4411764705882353,34
201,ridge,price_fast,12,normal,0.35246146702062187,0.6814814814814815,135
201,ridge,price_fast,13,all,0.39413820921028936,0.6388888888888888,180
201,ridge,price_fast,13,event,0.37841897248654244,0.6428571428571429,14
201,ridge,price_fast,13,disrupted,0.5744553205419496,0.42857142857142855,35
201,ridge,price_fast,13,normal,0.35666135923656106,0.6791044776119403,134
201,ridge,price_slow,1,all,0.17484111366090563,0.9055555555555556,180
201,ridge,price_slow,1,event,0.2068078043680791,0.75,16
201,ridge,price_slow,1,disrupted,0.21541253023105608,0.76,25
201,ridge,price_slow,1,normal,0.1623016461358119,0.9507042253521126,142
201,ridge,price_slow,2,all,0.18486956536760946,0.8777777777777778,180
201,ridge,price_slow,2,event,0.2176579093951529,0.75,16
201,ridge,price_slow,2,disrupted,0.2270554691652336,0.7692307692307693,26
201,ridge,price_slow,2,normal,0.17114258854918674,0.9148936170212766,141
201,ridge,price_slow,3,all,0.19417262924299822,0.8722222222222222,180
201,ridge,price_slow,3,event,0.22398518987131072,0.75,16
201,ridge,price_slow,3,disrupted,0.24440462704051613,0.7307692307692307,26
201,ridge,price_slow,3,normal,0.17956450431542112,0.9148936170212766,141
201,ridge,price_slow,4,all,0.2003392324832451,0.8666666666666667,180
201,ridge,price_slow,4,event,0.23125694050126927,0.75,16
201,ridge,price_slow,4,disrupted,0.25209056104163374,0.7692307692307693,26
201,ridge,price_slow,4,normal,0.1856002321204185,0.900709219858156,141
201,ridge,price_slow,5,all,0.20766899040859496,0.8611111111111112,180
201,ridge,price_slow,5,event,0.24926904823909263,0.8125,16
201,ridge,price_slow,5,disrupted,0.25724155858823783,0.7777777777777778,27
201,ridge,price_slow,5,normal,0.1921420920283408,0.8857142857142857,140
201,ridge,price_slow,6,all,0.21217445115293174,0.8555555555555555,180
201,ridge,price_slow,6,event,0.25906869542587013,0.75,16
201,ridge,price_slow,6,disrupted,0.26641641524865706,0.75,28
201,ridge,price_slow,6,normal,0.1951312773498211,0.8848920863309353,139
201,ridge,price_slow,7,all,0.2164652481381796,0.85,180
201,ridge,price_slow,7,event,0.2626963191563525,0.75,16
201,ridge,price_slow,7,disrupted,0.27217613486010445,0.7931034482758621,29
201,ridge,price_slow,7,normal,0.19874128307175024,0.8695652173913043,138
201,ridge,price_slow,8,all,0.2220168973662841,0.8555555555555555,180
201,ridge,price_slow,8,event,0.27475474733340605,0.75,16
201,ridge,price_slow,8,disrupted,0.27761076714616534,0.8,30
201,ridge,price_slow,8,normal,0.20372015284390202,0.8759124087591241,137
201,ridge,price_slow,9,all,0.2216998044938842,0.85,180
201,ridge,price_slow,9,event,0.24702615085964805,0.8,15
201,ridge,price_slow,9,disrupted,0.27490471035876335,0.8064516129032258,31
201,ridge,price_slow,9,normal,0.20648011757984625,0.8613138686131386,137
201,ridge,price_slow,10,all,0.22351774214584824,0.85,180
201,ridge,price_slow,10,event,0.24642091382085737,0.8,15
201,ridge,price_slow,10,disrupted,0.2811010189269453,0.8125,32
201,ridge,price_slow,10,normal,0.20621273245081834,0.8602941176470589,136
201,ridge,price_slow,11,all,0.22478386056413432,0.8444444444444444,180
201,ridge,price_slow,11,event,0.19783342947084956,0.8571428571428571,14
201,ridge,price_slow,11,disrupted,0.2939994374914112,0.7272727272727273,33
201,ridge,price_slow,11,normal,0.2092211863618104,0.8676470588235294,136
201,ridge,price_slow,12,all,0.22902507532092437,0.8611111111111112,180
201,ridge,price_slow,12,event,0.2059861465835895,0.8571428571428571,14
201,ridge,price_slow,12,disrupted,0.31414899285912706,0.7352941176470589,34
201,ridge,price_slow,12,normal,0.20940522589602398,0.8888888888888888,135
201,ridge,price_slow,13,all,0.2317684918389428,0.8444444444444444,180
201,ridge,price_slow,13,event,0.21153038895707743,0.8571428571428571,14
201,ridge,price_slow,13,disrupted,0.32979541398521783,0.6,35
201,ridge,price_slow,13,normal,0.20767053124139626,0.9029850746268657,134
201,ridge,cap_fast,1,all,7.095569728536915,0.7666666666666667,180
201,ridge,cap_fast,1,event,4.91588307218046,0.8125,16
201,ridge,cap_fast,1,disrupted,3.720398072961865,0.8,25
201,ridge,cap_fast,1,normal,7.816485859109544,0.7605633802816901,142
201,ridge,cap_fast,2,all,7.2699743357925675,0.8277777777777777,180
201,ridge,cap_fast,2,event,5.7381293822498645,0.9375,16
201,ridge,cap_fast,2,disrupted,4.256961342184605,0.8846153846153846,26
201,ridge,cap_fast,2,normal,7.874491210460007,0.8085106382978723,141
201,ridge,cap_fast,3,all,7.384118043973227,0.7888888888888889,180
201,ridge,cap_fast,3,event,7.044436672729428,0.9375,16
201,ridge,cap_fast,3,disrupted,4.26689359396589,0.8461538461538461,26
201,ridge,cap_fast,3,normal,7.867911087139428,0.7659574468085106,141
201,ridge,cap_fast,4,all,7.514951291448079,0.7833333333333333,180
201,ridge,cap_fast,4,event,7.702316046135135,0.875,16
201,ridge,cap_fast,4,disrupted,4.437327988616337,0.8461538461538461,26
201,ridge,cap_fast,4,normal,7.9374716793893505,0.7588652482269503,141
201,ridge,cap_fast,5,all,7.739394081355924,0.7666666666666667,180
201,ridge,cap_fast,5,event,8.017491459095744,0.8125,16
201,ridge,cap_fast,5,disrupted,6.483809552899345,0.7777777777777778,27
201,ridge,cap_fast,5,normal,7.868860263688046,0.75,140
201,ridge,cap_fast,6,all,8.226102397712308,0.8111111111111111,180
201,ridge,cap_fast,6,event,8.062010886528288,0.9375,16
201,ridge,cap_fast,6,disrupted,8.367024254091993,0.8571428571428571,28
201,ridge,cap_fast,6,normal,8.102522141323012,0.7913669064748201,139
201,ridge,cap_fast,7,all,8.462442897717198,0.7888888888888889,180
201,ridge,cap_fast,7,event,7.584169741580737,0.9375,16
201,ridge,cap_fast,7,disrupted,9.976660350866307,0.7931034482758621,29
201,ridge,cap_fast,7,normal,8.105055944650202,0.7753623188405797,138
201,ridge,cap_fast,8,all,8.799151978796994,0.8,180
201,ridge,cap_fast,8,event,8.47673054338565,0.9375,16
201,ridge,cap_fast,8,disrupted,11.56182465967145,0.8,30
201,ridge,cap_fast,8,normal,8.07947830211258,0.7883211678832117,137
201,ridge,cap_fast,9,all,9.074915648176875,0.8,180
201,ridge,cap_fast,9,event,7.05587234538868,0.9333333333333333,15
201,ridge,cap_fast,9,disrupted,13.166795584514588,0.7741935483870968,31
201,ridge,cap_fast,9,normal,8.204908976718327,0.7956204379562044,137
201,ridge,cap_fast,10,all,9.266567146082378,0.7833333333333333,180
201,ridge,cap_fast,10,event,8.0259695702762,0.7333333333333333,15
201,ridge,cap_fast,10,disrupted,14.517763119598829,0.71875,32
201,ridge,cap_fast,10,normal,8.036100103613405,0.8014705882352942,136
201,ridge,cap_fast,11,all,9.50099127801676,0.7944444444444444,180
201,ridge,cap_fast,11,event,8.037613267896415,0.8571428571428571,14
201,ridge,cap_fast,11,disrupted,16.020712596221724,0.6666666666666666,33
201,ridge,cap_fast,11,normal,7.950563889227338,0.8161764705882353,136
201,ridge,cap_fast,12,all,9.72983063663233,0.7777777777777778,180
201,ridge,cap_fast,12,event,8.174598614155915,0.7857142857142857,14
201,ridge,cap_fast,12,disrupted,17.102439197335027,0.7058823529411765,34
201,ridge,cap_fast,12,normal,7.89732167035513,0.7925925925925926,135
201,ridge,cap_fast,13,all,9.867366887466497,0.8166666666666667,180
201,ridge,cap_fast,13,event,7.905384240837387,0.9285714285714286,14
201,ridge,cap_fast,13,disrupted,17.58999467448117,0.7428571428571429,35
201,ridge,cap_fast,13,normal,7.877019904810442,0.8283582089552238,134
201,ridge,cap_slow,1,all,27.35435584144152,0.8388888888888889,180
201,ridge,cap_slow,1,event,35.62960779526247,0.8125,16
201,ridge,cap_slow,1,disrupted,99.98638810133635,0.08,25
201,ridge,cap_slow,1,normal,15.552403262325521,0.9577464788732394,142
201,ridge,cap_slow,2,all,27.36839002070312,0.85,180
201,ridge,cap_slow,2,event,35.88037857857516,0.8125,16
201,ridge,cap_slow,2,disrupted,97.53894633045061,0.11538461538461539,26
201,ridge,cap_slow,2,normal,15.436797399921392,0.9716312056737588,141
201,ridge,cap_slow,3,all,27.557459746530313,0.8277777777777777,180
201,ridge,cap_slow,3,event,35.899016933150264,0.8125,16
201,ridge,cap_slow,3,disrupted,98.55706720262934,0.11538461538461539,26
201,ridge,cap_slow,3,normal,15.477550486841748,0.9432624113475178,141
201,ridge,cap_slow,4,all,27.73545845933397,0.8277777777777777,180
201,ridge,cap_slow,4,event,36.29661201104305,0.8125,16
201,ridge,cap_slow,4,disrupted,99.39693335660994,0.11538461538461539,26
201,ridge,cap_slow,4,normal,15.549005177359014,0.9432624113475178,141
201,ridge,cap_slow,5,all,27.932617024431778,0.8166666666666667,180
201,ridge,cap_slow,5,event,35.78823844226557,0.8125,16
201,ridge,cap_slow,5,disrupted,98.50030308789994,0.1111111111111111,27
201,ridge,cap_slow,5,normal,15.421895619917207,0.9357142857142857,140
201,ridge,cap_slow,6,all,28.174692850958373,0.8111111111111111,180
201,ridge,cap_slow,6,event,35.555335068872566,0.8125,16
201,ridge,cap_slow,6,disrupted,97.15063266099946,0.10714285714285714,28
201,ridge,cap_slow,6,normal,15.443467800996762,0.935251798561151,139
201,ridge,cap_slow,7,all,28.198403593012497,0.8166666666666667,180
201,ridge,cap_slow,7,event,35.97436164078679,0.8125,16
201,ridge,cap_slow,7,disrupted,95.5936781575294,0.10344827586206896,29
201,ridge,cap_slow,7,normal,15.17316312863685,0.9492753623188406,138
201,ridge,cap_slow,8,all,28.198024952394825,0.8166666666666667,180
201,ridge,cap_slow,8,event,35.758503396439664,0.75,16
201,ridge,cap_slow,8,disrupted,94.13441339676386,0.1,30
201,ridge,cap_slow,8,normal,14.930909857911614,0.9635036496350365,137
201,ridge,cap_slow,9,all,28.380046571904266,0.8,180
201,ridge,cap_slow,9,event,36.939119055027156,0.8,15
201,ridge,cap_slow,9,disrupted,92.26354251284643,0.0967741935483871,31
201,ridge,cap_slow,9,normal,15.028321961240334,0.9416058394160584,137
201,ridge,cap_slow,10,all,28.600114726994658,0.8222222222222222,180
201,ridge,cap_slow,10,event,36.677809451800606,0.8,15
201,ridge,cap_slow,10,disrupted,91.23283712783915,0.125,32
201,ridge,cap_slow,10,normal,15.031767877732946,0.9705882352941176,136
201,ridge,cap_slow,11,all,28.75939682943704,0.8277777777777777,180
201,ridge,cap_slow,11,event,38.8257493121991,0.7857142857142857,14
201,ridge,cap_slow,11,disrupted,89.70267782513399,0.12121212121212122,33
201,ridge,cap_slow,11,normal,15.03802490952593,0.9852941176470589,136
201,ridge,cap_slow,12,all,28.947228400004477,0.8277777777777777,180
201,ridge,cap_slow,12,event,39.97233981980589,0.7857142857142857,14
201,ridge,cap_slow,12,disrupted,88.64386860894409,0.17647058823529413,34
201,ridge,cap_slow,12,normal,14.928123920932766,0.9777777777777777,135
201,ridge,cap_slow,13,all,29.172459411039082,0.8222222222222222,180
201,ridge,cap_slow,13,event,40.53218051109737,0.6428571428571429,14
201,ridge,cap_slow,13,disrupted,87.60802859674507,0.17142857142857143,35
201,ridge,cap_slow,13,normal,14.864973785144521,0.9925373134328358,134
201,gbm,propensity,0,all,0.016579957440320058,0.7611111111111111,180
201,gbm,propensity,0,event,0.02630946466306945,0.6875,16
201,gbm,propensity,0,disrupted,0.017942638931062502,0.875,24
201,gbm,propensity,0,normal,0.015624740907078185,0.7412587412587412,143
201,gbm,propensity,1,all,0.017140639374196763,0.7611111111111111,180
201,gbm,propensity,1,event,0.027229936723251413,0.625,16
201,gbm,propensity,1,disrupted,0.017284230964141976,0.88,25
201,gbm,propensity,1,normal,0.01626985515557945,0.7535211267605634,142
201,gbm,propensity,2,all,0.017282077112224056,0.7722222222222223,180
201,gbm,propensity,2,event,0.026229130317677006,0.75,16
201,gbm,propensity,2,disrupted,0.016414840132194543,0.9230769230769231,26
201,gbm,propensity,2,normal,0.0167074408409343,0.7446808510638298,141
201,gbm,propensity,3,all,0.01732228451985854,0.7666666666666667,180
201,gbm,propensity,3,event,0.02685388611232978,0.75,16
201,gbm,propensity,3,disrupted,0.014321289005800387,0.9615384615384616,26
201,gbm,propensity,3,normal,0.01701435508527249,0.7304964539007093,141
201,gbm,propensity,4,all,0.01736007875965304,0.75,180
201,gbm,propensity,4,event,0.027403212195114574,0.75,16
201,gbm,propensity,4,disrupted,0.012880607241467853,0.9615384615384616,26
201,gbm,propensity,4,normal,0.01711748046114915,0.7163120567375887,141
201,gbm,propensity,5,all,0.01802041407525219,0.7611111111111111,180
201,gbm,propensity,5,event,0.027798617019829344,0.75,16
201,gbm,propensity,5,disrupted,0.01522786288539728,0.9259259259259259,27
201,gbm,propensity,5,normal,0.017533265134788915,0.7357142857142858,140
201,gbm,propensity,6,all,0.018067491478216017,0.7555555555555555,180
201,gbm,propensity,6,event,0.026457530638405283,0.6875,16
201,gbm,propensity,6,disrupted,0.016476785814685427,0.8928571428571429,28
201,gbm,propensity,6,normal,0.017515034433445355,0.7410071942446043,139
201,gbm,propensity,7,all,0.018279668556080656,0.7833333333333333,180
201,gbm,propensity,7,event,0.02623315714366639,0.75,16
201,gbm,propensity,7,disrupted,0.017361963127638803,0.896551724137931,29
201,gbm,propensity,7,normal,0.01763147889720907,0.7681159420289855,138
201,gbm,propensity,8,all,0.01819937116878847,0.7944444444444444,180
201,gbm,propensity,8,event,0.02531401149583031,0.75,16
201,gbm,propensity,8,disrupted,0.017385293144326536,0.8666666666666667,30
201,gbm,propensity,8,normal,0.01753489623246775,0.7883211678832117,137
201,gbm,propensity,9,all,0.017992942070950906,0.8,180
201,gbm,propensity,9,event,0.025939585796534954,0.7333333333333333,15
201,gbm,propensity,9,disrupted,0.016862121042861392,0.8387096774193549,31
201,gbm,propensity,9,normal,0.017399363392584164,0.8029197080291971,137
201,gbm,propensity,10,all,0.01748790136349268,0.8,180
201,gbm,propensity,10,event,0.025913442631427343,0.7333333333333333,15
201,gbm,propensity,10,disrupted,0.01719166419572993,0.8125,32
201,gbm,propensity,10,normal,0.01678507886144096,0.8088235294117647,136
201,gbm,propensity,11,all,0.0175978975988292,0.7833333333333333,180
201,gbm,propensity,11,event,0.027911981533618797,0.7142857142857143,14
201,gbm,propensity,11,disrupted,0.01797603943645521,0.7575757575757576,33
201,gbm,propensity,11,normal,0.016604484618060227,0.8014705882352942,136
201,gbm,propensity,12,all,0.017419505383925386,0.7888888888888889,180
201,gbm,propensity,12,event,0.027434308030689327,0.7142857142857143,14
201,gbm,propensity,12,disrupted,0.018891775123712453,0.7647058823529411,34
201,gbm,propensity,12,normal,0.016196094040822735,0.8074074074074075,135
201,gbm,propensity,13,all,0.017528394353237695,0.8,180
201,gbm,propensity,13,event,0.027787486744336457,0.7857142857142857,14
201,gbm,propensity,13,disrupted,0.019944513673329993,0.7142857142857143,35
201,gbm,propensity,13,normal,0.016014680839402086,0.8283582089552238,134
201,gbm,arrivals,0,all,1.6909075737929697,0.75,180
201,gbm,arrivals,0,event,2.035920776027277,0.6875,16
201,gbm,arrivals,0,disrupted,1.8811164104684692,0.6666666666666666,24
201,gbm,arrivals,0,normal,1.6280033845333393,0.7692307692307693,143
201,gbm,arrivals,1,all,1.7182265020391652,0.7444444444444445,180
201,gbm,arrivals,1,event,2.067853734512794,0.625,16
201,gbm,arrivals,1,disrupted,1.768677980502582,0.76,25
201,gbm,arrivals,1,normal,1.671287514775207,0.7535211267605634,142
201,gbm,arrivals,2,all,1.7017043324577457,0.7277777777777777,180
201,gbm,arrivals,2,event,2.0073346114610224,0.625,16
201,gbm,arrivals,2,disrupted,1.7368858740539996,0.7307692307692307,26
201,gbm,arrivals,2,normal,1.6604435699772084,0.7375886524822695,141
201,gbm,arrivals,3,all,1.701660713490403,0.7277777777777777,180
201,gbm,arrivals,3,event,2.0039418005265923,0.6875,16
201,gbm,arrivals,3,disrupted,1.7584421191120825,0.7307692307692307,26
201,gbm,arrivals,3,normal,1.6645983470420564,0.7304964539007093,141
201,gbm,arrivals,4,all,1.6936429772071775,0.7277777777777777,180
201,gbm,arrivals,4,event,1.9154057703590055,0.6875,16
201,gbm,arrivals,4,disrupted,1.7176943792062338,0.7307692307692307,26
201,gbm,arrivals,4,normal,1.66977878108551,0.7304964539007093,141
201,gbm,arrivals,5,all,1.700856672035226,0.7333333333333333,180
201,gbm,arrivals,5,event,2.108148563446467,0.625,16
201,gbm,arrivals,5,disrupted,1.75069783646254,0.7777777777777778,27
201,gbm,arrivals,5,normal,1.650486811317171,0.7357142857142858,140
201,gbm,arrivals,6,all,1.7251530355240154,0.7222222222222222,180
201,gbm,arrivals,6,event,2.2381497914549273,0.625,16
201,gbm,arrivals,6,disrupted,1.78389583891428,0.7142857142857143,28
201,gbm,arrivals,6,normal,1.6590630917707607,0.7338129496402878,139
201,gbm,arrivals,7,all,1.7327274003661546,0.7222222222222222,180
201,gbm,arrivals,7,event,2.161360799629686,0.625,16
201,gbm,arrivals,7,disrupted,1.7671685803599737,0.7586206896551724,29
201,gbm,arrivals,7,normal,1.6762557865277328,0.7246376811594203,138
201,gbm,arrivals,8,all,1.6890085813394655,0.7388888888888889,180
201,gbm,arrivals,8,event,2.1301821705612896,0.5625,16
201,gbm,arrivals,8,disrupted,1.6723263312722385,0.8,30
201,gbm,arrivals,8,normal,1.6443334471866318,0.7445255474452555,137
201,gbm,arrivals,9,all,1.651329770868991,0.7611111111111111,180
201,gbm,arrivals,9,event,2.073852882802164,0.6,15
201,gbm,arrivals,9,disrupted,1.5843173489784552,0.7741935483870968,31
201,gbm,arrivals,9,normal,1.62238615247574,0.7737226277372263,137
201,gbm,arrivals,10,all,1.634598950094341,0.75,180
201,gbm,arrivals,10,event,2.056292180030325,0.6,15
201,gbm,arrivals,10,disrupted,1.6086538010549871,0.78125,32
201,gbm,arrivals,10,normal,1.5974551026610593,0.7573529411764706,136
201,gbm,arrivals,11,all,1.6266647773852994,0.75,180
201,gbm,arrivals,11,event,1.8773363464418737,0.6428571428571429,14
201,gbm,arrivals,11,disrupted,1.4966070334811221,0.7272727272727273,33
201,gbm,arrivals,11,normal,1.6311206281857356,0.7647058823529411,136
201,gbm,arrivals,12,all,1.6300354886515658,0.7666666666666667,180
201,gbm,arrivals,12,event,1.8730992279006724,0.6428571428571429,14
201,gbm,arrivals,12,disrupted,1.5123943036323553,0.7941176470588235,34
201,gbm,arrivals,12,normal,1.6338935442750147,0.7703703703703704,135
201,gbm,arrivals,13,all,1.6098198140338673,0.7388888888888889,180
201,gbm,arrivals,13,event,1.7060537624094736,0.6428571428571429,14
201,gbm,arrivals,13,disrupted,1.4848891283117867,0.7714285714285715,35
201,gbm,arrivals,13,normal,1.6316729736321156,0.7388059701492538,134
201,gbm,price_fast,1,all,0.222469512579558,0.9055555555555556,180
201,gbm,price_fast,1,event,0.21619993956074274,0.9375,16
201,gbm,price_fast,1,disrupted,0.36863145940217945,0.8,25
201,gbm,price_fast,1,normal,0.20331892286572784,0.9154929577464789,142
201,gbm,price_fast,2,all,0.24056661793375078,0.8555555555555555,180
201,gbm,price_fast,2,event,0.21497575956194098,0.9375,16
201,gbm,price_fast,2,disrupted,0.3824673495733718,0.7692307692307693,26
201,gbm,price_fast,2,normal,0.22330058767639605,0.8581560283687943,141
201,gbm,price_fast,3,all,0.2503255013037379,0.8666666666666667,180
201,gbm,price_fast,3,event,0.21608462900058362,0.9375,16
201,gbm,price_fast,3,disrupted,0.42002068741210125,0.7692307692307693,26
201,gbm,price_fast,3,normal,0.22858826279840191,0.8723404255319149,141
201,gbm,price_fast,4,all,0.2632953089654749,0.8611111111111112,180
201,gbm,price_fast,4,event,0.2509850044295708,0.9375,16
201,gbm,price_fast,4,disrupted,0.46960073128920254,0.6538461538461539,26
201,gbm,price_fast,4,normal,0.23626866741467833,0.8865248226950354,141
201,gbm,price_fast,5,all,0.2754999523287386,0.8277777777777777,180
201,gbm,price_fast,5,event,0.2785624410420595,0.8125,16
201,gbm,price_fast,5,disrupted,0.5067578465399941,0.5925925925925926,27
201,gbm,price_fast,5,normal,0.2431357641625631,0.8571428571428571,140
201,gbm,price_fast,6,all,0.2900699801985568,0.8333333333333334,180
201,gbm,price_fast,6,event,0.2851547019450477,0.875,16
201,gbm,price_fast,6,disrupted,0.5091219661815523,0.6785714285714286,28
201,gbm,price_fast,6,normal,0.2589761689504667,0.8489208633093526,139
201,gbm,price_fast,7,all,0.30864047496811,0.8055555555555556,180
201,gbm,price_fast,7,event,0.28227985197787075,0.875,16
201,gbm,price_fast,7,disrupted,0.5293938172810677,0.6206896551724138,29
201,gbm,price_fast,7,normal,0.27633369162246624,0.8260869565217391,138
201,gbm,price_fast,8,all,0.32367129751104134,0.7888888888888889,180
201,gbm,price_fast,8,event,0.2796126381490005,0.875,16
201,gbm,price_fast,8,disrupted,0.5480085575259266,0.6666666666666666,30
201,gbm,price_fast,8,normal,0.2900577259032589,0.7956204379562044,137
201,gbm,price_fast,9,all,0.337493790321643,0.7722222222222223,180
201,gbm,price_fast,9,event,0.33070270902922144,0.8666666666666667,15
201,gbm,price_fast,9,disrupted,0.5698470133715242,0.6774193548387096,31
201,gbm,price_fast,9,normal,0.2987570904480404,0.7737226277372263,137
201,gbm,price_fast,10,all,0.3530807128365398,0.75,180
201,gbm,price_fast,10,event,0.3345917172621054,0.8666666666666667,15
201,gbm,price_fast,10,disrupted,0.5934166394929516,0.65625,32
201,gbm,price_fast,10,normal,0.31235077633682495,0.75,136
201,gbm,price_fast,11,all,0.3662565517828775,0.75,180
201,gbm,price_fast,11,event,0.3546906194792843,0.8571428571428571,14
201,gbm,price_fast,11,disrupted,0.6085634469685239,0.6363636363636364,33
201,gbm,price_fast,11,normal,0.3211507290160207,0.7573529411764706,136
201,gbm,price_fast,12,all,0.37837438390603717,0.7444444444444445,180
201,gbm,price_fast,12,event,0.30454771223219973,0.8571428571428571,14
201,gbm,price_fast,12,disrupted,0.6322056740057664,0.6176470588235294,34
201,gbm,price_fast,12,normal,0.3319942834100421,0.7555555555555555,135
201,gbm,price_fast,13,all,0.3903794505499546,0.7055555555555556,180
201,gbm,price_fast,13,event,0.31414733719204746,0.8571428571428571,14
201,gbm,price_fast,13,disrupted,0.6401709515001661,0.5714285714285714,35
201,gbm,price_fast,13,normal,0.3426349215844046,0.7164179104477612,134
201,gbm,price_slow,1,all,0.17014580685058106,0.8333333333333334,180
201,gbm,price_slow,1,event,0.22279424325428876,0.75,16
201,gbm,price_slow,1,disrupted,0.18561621733097622,0.92,25
201,gbm,price_slow,1,normal,0.1612776817691597,0.8309859154929577,142
201,gbm,price_slow,2,all,0.1815810636835829,0.8222222222222222,180
201,gbm,price_slow,2,event,0.23650042649125436,0.6875,16
201,gbm,price_slow,2,disrupted,0.1836068441387836,0.9230769230769231,26
201,gbm,price_slow,2,normal,0.1738377627839412,0.8226950354609929,141
201,gbm,price_slow,3,all,0.19645878197129715,0.8111111111111111,180
201,gbm,price_slow,3,event,0.24591692736625065,0.75,16
201,gbm,price_slow,3,disrupted,0.20287341285533167,0.9230769230769231,26
201,gbm,price_slow,3,normal,0.18791001328812176,0.8014184397163121,141
201,gbm,price_slow,4,all,0.20649744129003292,0.8166666666666667,180
201,gbm,price_slow,4,event,0.25841005056345645,0.75,16
201,gbm,price_slow,4,disrupted,0.2168177262696598,0.9230769230769231,26
201,gbm,price_slow,4,normal,0.1957422363651207,0.8085106382978723,141
201,gbm,price_slow,5,all,0.21544096495744666,0.8388888888888889,180
201,gbm,price_slow,5,event,0.2759728623037637,0.8125,16
201,gbm,price_slow,5,disrupted,0.2230523483591521,0.8888888888888888,27
201,gbm,price_slow,5,normal,0.20589463990691412,0.8357142857142857,140
201,gbm,price_slow,6,all,0.2212795570775531,0.8333333333333334,180
201,gbm,price_slow,6,event,0.29598522032371544,0.8125,16
201,gbm,price_slow,6,disrupted,0.21865070941590767,0.8214285714285714,28
201,gbm,price_slow,6,normal,0.21183391052990064,0.841726618705036,139
201,gbm,price_slow,7,all,0.22409238452960908,0.85,180
201,gbm,price_slow,7,event,0.2691037982049089,0.875,16
201,gbm,price_slow,7,disrupted,0.22318109516605514,0.8275862068965517,29
201,gbm,price_slow,7,normal,0.21484580877953915,0.855072463768116,138
201,gbm,price_slow,8,all,0.226472249634085,0.8666666666666667,180
201,gbm,price_slow,8,event,0.32779657564343767,0.75,16
201,gbm,price_slow,8,disrupted,0.22751474271060992,0.8666666666666667,30
201,gbm,price_slow,8,normal,0.21316862827955782,0.8832116788321168,137
201,gbm,price_slow,9,all,0.2272959388276873,0.85,180
201,gbm,price_slow,9,event,0.3123724193211728,0.8,15
201,gbm,price_slow,9,disrupted,0.2194139342416794,0.8709677419354839,31
201,gbm,price_slow,9,normal,0.21882007470788273,0.8540145985401459,137
201,gbm,price_slow,10,all,0.22305807950147366,0.85,180
201,gbm,price_slow,10,event,0.32967079012976935,0.8,15
201,gbm,price_slow,10,disrupted,0.2246190928180956,0.84375,32
201,gbm,price_slow,10,normal,0.21091587109926144,0.8602941176470589,136
201,gbm,price_slow,11,all,0.2200399616176477,0.8555555555555555,180
201,gbm,price_slow,11,event,0.2870436541430905,0.8571428571428571,14
201,gbm,price_slow,11,disrupted,0.2213254407625913,0.8181818181818182,33
201,gbm,price_slow,11,normal,0.2145593436791133,0.8602941176470589,136
201,gbm,price_slow,12,all,0.22222651796302964,0.8666666666666667,180
201,gbm,price_slow,12,event,0.26099354384154155,0.8571428571428571,14
201,gbm,price_slow,12,disrupted,0.23309243141876848,0.8235294117647058,34
201,gbm,price_slow,12,normal,0.2166213066365374,0.8740740740740741,135
201,gbm,price_slow,13,all,0.23220537205678599,0.8611111111111112,180
201,gbm,price_slow,13,event,0.276804831846475,0.8571428571428571,14
201,gbm,price_slow,13,disrupted,0.2740971617829255,0.8285714285714286,35
201,gbm,price_slow,13,normal,0.21997972355268572,0.8656716417910447,134
201,gbm,cap_fast,1,all,7.463380229255775,0.7833333333333333,180
201,gbm,cap_fast,1,event,7.592900681676759,0.6875,16
201,gbm,cap_fast,1,disrupted,5.426960377370001,0.56,25
201,gbm,cap_fast,1,normal,7.777490652897702,0.823943661971831,142
201,gbm,cap_fast,2,all,8.263922065840417,0.7722222222222223,180
201,gbm,cap_fast,2,event,7.884466443772725,0.75,16
201,gbm,cap_fast,2,disrupted,5.714456450059286,0.5384615384615384,26
201,gbm,cap_fast,2,normal,8.740387990315128,0.8085106382978723,141
201,gbm,cap_fast,3,all,8.784193364844684,0.75,180
201,gbm,cap_fast,3,event,11.487058687111272,0.625,16
201,gbm,cap_fast,3,disrupted,5.7737573365459145,0.5769230769230769,26
201,gbm,cap_fast,3,normal,9.0118095635298,0.7872340425531915,141
201,gbm,cap_fast,4,all,8.988683057296596,0.7611111111111111,180
201,gbm,cap_fast,4,event,10.489558050294244,0.6875,16
201,gbm,cap_fast,4,disrupted,5.450765876126605,0.6153846153846154,26
201,gbm,cap_fast,4,normal,9.464868448324859,0.7872340425531915,141
201,gbm,cap_fast,5,all,10.020289037072969,0.7444444444444445,180
201,gbm,cap_fast,5,event,12.398121750119579,0.75,16
201,gbm,cap_fast,5,disrupted,8.41432436581548,0.5925925925925926,27
201,gbm,cap_fast,5,normal,10.014427150595267,0.7642857142857142,140
201,gbm,cap_fast,6,all,10.89984882086774,0.6944444444444444,180
201,gbm,cap_fast,6,event,11.843702725717684,0.6875,16
201,gbm,cap_fast,6,disrupted,11.083315113720634,0.5,28
201,gbm,cap_fast,6,normal,10.69919193667373,0.7266187050359713,139
201,gbm,cap_fast,7,all,11.608885522333448,0.6722222222222223,180
201,gbm,cap_fast,7,event,11.171122180105314,0.6875,16
201,gbm,cap_fast,7,disrupted,13.567930850855683,0.4482758620689655,29
201,gbm,cap_fast,7,normal,11.163954986203558,0.7101449275362319,138
201,gbm,cap_fast,8,all,11.739539746496167,0.6777777777777778,180
201,gbm,cap_fast,8,event,14.48017575139136,0.625,16
201,gbm,cap_fast,8,disrupted,13.863744195227438,0.4666666666666667,30
201,gbm,cap_fast,8,normal,10.863180083210196,0.7226277372262774,137
201,gbm,cap_fast,9,all,12.173207988424517,0.6722222222222223,180
201,gbm,cap_fast,9,event,10.156479587630782,0.6666666666666666,15
201,gbm,cap_fast,9,disrupted,16.150628677127678,0.3548387096774194,31
201,gbm,cap_fast,9,normal,11.391206236907536,0.7372262773722628,137
201,gbm,cap_fast,10,all,12.413159073806733,0.6722222222222223,180
201,gbm,cap_fast,10,event,13.188465793867499,0.6666666666666666,15
201,gbm,cap_fast,10,disrupted,18.095365393758247,0.3125,32
201,gbm,cap_fast,10,normal,10.877741809224434,0.7426470588235294,136
201,gbm,cap_fast,11,all,12.637893393305077,0.6666666666666666,180
201,gbm,cap_fast,11,event,8.74949255547655,0.7857142857142857,14
201,gbm,cap_fast,11,disrupted,19.495932532903925,0.36363636363636365,33
201,gbm,cap_fast,11,normal,11.223306786908214,0.7279411764705882,136
201,gbm,cap_fast,12,all,12.267005935120658,0.6833333333333333,180
201,gbm,cap_fast,12,event,10.362265603510735,0.6428571428571429,14
201,gbm,cap_fast,12,disrupted,19.584726028559242,0.4117647058823529,34
201,gbm,cap_fast,12,normal,10.4838599597545,0.7481481481481481,135
201,gbm,cap_fast,13,all,12.083332464211551,0.6666666666666666,180
201,gbm,cap_fast,13,event,11.994380633436249,0.5,14
201,gbm,cap_fast,13,disrupted,19.495117881245335,0.34285714285714286,35
201,gbm,cap_fast,13,normal,10.009859417774836,0.753731343283582,134
201,gbm,cap_slow,1,all,28.33887831762767,0.7555555555555555,180
201,gbm,cap_slow,1,event,41.651184503288015,0.625,16
201,gbm,cap_slow,1,disrupted,99.97264939422415,0.08,25
201,gbm,cap_slow,1,normal,16.303593070731647,0.8732394366197183,142
201,gbm,cap_slow,2,all,29.405888572623454,0.7555555555555555,180
201,gbm,cap_slow,2,event,41.54236730326197,0.6875,16
201,gbm,cap_slow,2,disrupted,97.80132445978865,0.11538461538461539,26
201,gbm,cap_slow,2,normal,17.448623646095303,0.8652482269503546,141
201,gbm,cap_slow,3,all,30.470573037779534,0.7277777777777777,180
201,gbm,cap_slow,3,event,37.153549547477056,0.625,16
201,gbm,cap_slow,3,disrupted,99.52264898918177,0.15384615384615385,26
201,gbm,cap_slow,3,normal,18.68258283853372,0.8297872340425532,141
201,gbm,cap_slow,4,all,31.26661996320524,0.7111111111111111,180
201,gbm,cap_slow,4,event,40.17672899116811,0.625,16
201,gbm,cap_slow,4,disrupted,102.99591496148881,0.11538461538461539,26
201,gbm,cap_slow,4,normal,18.958680792948442,0.8156028368794326,141
201,gbm,cap_slow,5,all,32.165363172001626,0.7055555555555556,180
201,gbm,cap_slow,5,event,43.44837308076414,0.625,16
201,gbm,cap_slow,5,disrupted,102.71114133949219,0.14814814814814814,27
201,gbm,cap_slow,5,normal,19.27035803253712,0.8071428571428572,140
201,gbm,cap_slow,6,all,32.87208023257499,0.7166666666666667,180
201,gbm,cap_slow,6,event,45.265214767738314,0.5625,16
201,gbm,cap_slow,6,disrupted,99.25504996025775,0.14285714285714285,28
201,gbm,cap_slow,6,normal,20.041964293154848,0.8345323741007195,139
201,gbm,cap_slow,7,all,33.28463764445034,0.7333333333333333,180
201,gbm,cap_slow,7,event,48.4293637707985,0.5,16
201,gbm,cap_slow,7,disrupted,93.88179996339007,0.1724137931034483,29
201,gbm,cap_slow,7,normal,20.773428968577225,0.8623188405797102,138
201,gbm,cap_slow,8,all,33.10959661577652,0.7555555555555555,180
201,gbm,cap_slow,8,event,48.7488073431318,0.5625,16
201,gbm,cap_slow,8,disrupted,90.00906758931018,0.2,30
201,gbm,cap_slow,8,normal,20.803434398466074,0.8832116788321168,137
201,gbm,cap_slow,9,all,31.93508030562054,0.7611111111111111,180
201,gbm,cap_slow,9,event,45.57693690670349,0.6,15
201,gbm,cap_slow,9,disrupted,86.2823841294087,0.22580645161290322,31
201,gbm,cap_slow,9,normal,19.862118932253125,0.8832116788321168,137
201,gbm,cap_slow,10,all,32.605597698052605,0.7888888888888889,180
201,gbm,cap_slow,10,event,43.524846658774166,0.6,15
201,gbm,cap_slow,10,disrupted,86.21308970982618,0.28125,32
201,gbm,cap_slow,10,normal,20.408058901776666,0.9117647058823529,136
201,gbm,cap_slow,11,all,33.29194056107054,0.7833333333333333,180
201,gbm,cap_slow,11,event,44.777290883005946,0.5714285714285714,14
201,gbm,cap_slow,11,disrupted,86.4964682156084,0.30303030303030304,33
201,gbm,cap_slow,11,normal,20.962396471486514,0.9044117647058824,136
201,gbm,cap_slow,12,all,33.304688906942836,0.8,180
201,gbm,cap_slow,12,event,42.19505066977183,0.7142857142857143,14
201,gbm,cap_slow,12,disrupted,84.90175041947131,0.3235294117647059,34
201,gbm,cap_slow,12,normal,21.099166605776634,0.9111111111111111,135
201,gbm,cap_slow,13,all,33.10447634827256,0.8055555555555556,180
201,gbm,cap_slow,13,event,43.09376202317469,0.7142857142857143,14
201,gbm,cap_slow,13,disrupted,83.99577123286319,0.3142857142857143,35
201,gbm,cap_slow,13,normal,20.49971556726555,0.9253731343283582,134
201,tabpfn,propensity,0,all,0.012905148375277767,0.8166666666666667,180
201,tabpfn,propensity,0,event,0.020644353348326146,0.5625,16
201,tabpfn,propensity,0,disrupted,0.013144276233528504,0.8333333333333334,24
201,tabpfn,propensity,0,normal,0.012392859237428574,0.8251748251748252,143
201,tabpfn,propensity,1,all,0.013402521474730719,0.8333333333333334,180
201,tabpfn,propensity,1,event,0.021955855605233845,0.5625,16
201,tabpfn,propensity,1,disrupted,0.013107769249797743,0.84,25
201,tabpfn,propensity,1,normal,0.012802834240874727,0.852112676056338,142
201,tabpfn,propensity,2,all,0.013883631483006866,0.8222222222222222,180
201,tabpfn,propensity,2,event,0.022158667940334817,0.5625,16
201,tabpfn,propensity,2,disrupted,0.013013864861256727,0.8461538461538461,26
201,tabpfn,propensity,2,normal,0.013446545921217318,0.8368794326241135,141
201,tabpfn,propensity,3,all,0.014012738010250724,0.8111111111111111,180
201,tabpfn,propensity,3,event,0.0213170926415679,0.625,16
201,tabpfn,propensity,3,disrupted,0.011885165227276522,0.8846153846153846,26
201,tabpfn,propensity,3,normal,0.013681109340124885,0.8156028368794326,141
201,tabpfn,propensity,4,all,0.014524473429109048,0.7833333333333333,180
201,tabpfn,propensity,4,event,0.022850914953601482,0.5625,16
201,tabpfn,propensity,4,disrupted,0.01231070942604717,0.8461538461538461,26
201,tabpfn,propensity,4,normal,0.01406945966389484,0.7943262411347518,141
201,tabpfn,propensity,5,all,0.014797689529440957,0.7722222222222223,180
201,tabpfn,propensity,5,event,0.02144729821704281,0.5625,16
201,tabpfn,propensity,5,disrupted,0.01359604233659314,0.8148148148148148,27
201,tabpfn,propensity,5,normal,0.01439201997447399,0.7857142857142857,140
201,tabpfn,propensity,6,all,0.014901585355770243,0.7777777777777778,180
201,tabpfn,propensity,6,event,0.021103948201586502,0.5625,16
201,tabpfn,propensity,6,disrupted,0.014300344464002662,0.7857142857142857,28
201,tabpfn,propensity,6,normal,0.0144324815227065,0.7985611510791367,139
201,tabpfn,propensity,7,all,0.015482276780409032,0.7888888888888889,180
201,tabpfn,propensity,7,event,0.022163485148837606,0.5625,16
201,tabpfn,propensity,7,disrupted,0.014886792375282216,0.7931034482758621,29
201,tabpfn,propensity,7,normal,0.01498456227718552,0.8115942028985508,138
201,tabpfn,propensity,8,all,0.015479170461614627,0.7888888888888889,180
201,tabpfn,propensity,8,event,0.020611591800588556,0.625,16
201,tabpfn,propensity,8,disrupted,0.015225406519017881,0.7666666666666667,30
201,tabpfn,propensity,8,normal,0.014974575934270372,0.8102189781021898,137
201,tabpfn,propensity,9,all,0.015419444643291924,0.7833333333333333,180
201,tabpfn,propensity,9,event,0.021988974020422658,0.6,15
201,tabpfn,propensity,9,disrupted,0.015777979929556162,0.7741935483870968,31
201,tabpfn,propensity,9,normal,0.014680909773855264,0.8029197080291971,137
201,tabpfn,propensity,10,all,0.015364774193972745,0.8166666666666667,180
201,tabpfn,propensity,10,event,0.022254814545187067,0.6,15
201,tabpfn,propensity,10,disrupted,0.015609058150816504,0.8125,32
201,tabpfn,propensity,10,normal,0.014589376739951317,0.8382352941176471,136
201,tabpfn,propensity,11,all,0.015653144058189728,0.8222222222222222,180
201,tabpfn,propensity,11,event,0.021711869724609312,0.7857142857142857,14
201,tabpfn,propensity,11,disrupted,0.01737731891054046,0.7575757575757576,33
201,tabpfn,propensity,11,normal,0.014658022604647073,0.8382352941176471,136
201,tabpfn,propensity,12,all,0.01544539173335416,0.8333333333333334,180
201,tabpfn,propensity,12,event,0.021244921477019143,0.8571428571428571,14
201,tabpfn,propensity,12,disrupted,0.01827557635257201,0.7058823529411765,34
201,tabpfn,propensity,12,normal,0.01424083497340874,0.8666666666666667,135
201,tabpfn,propensity,13,all,0.015618251013056847,0.8666666666666667,180
201,tabpfn,propensity,13,event,0.02009149357147873,0.9285714285714286,14
201,tabpfn,propensity,13,disrupted,0.019064390922116425,0.7428571428571429,35
201,tabpfn,propensity,13,normal,0.014272861951653707,0.8955223880597015,134
201,tabpfn,arrivals,0,all,1.4492856166217687,0.7777777777777778,180
201,tabpfn,arrivals,0,event,1.7153966269924017,0.8125,16
201,tabpfn,arrivals,0,disrupted,1.5371863776509496,0.75,24
201,tabpfn,arrivals,0,normal,1.4062525746791503,0.7832167832167832,143
201,tabpfn,arrivals,1,all,1.4657420903397913,0.7833333333333333,180
201,tabpfn,arrivals,1,event,1.7600163064433905,0.75,16
201,tabpfn,arrivals,1,disrupted,1.5437450162185125,0.8,25
201,tabpfn,arrivals,1,normal,1.4211668495067609,0.7887323943661971,142
201,tabpfn,arrivals,2,all,1.4516194460309988,0.7777777777777778,180
201,tabpfn,arrivals,2,event,1.7259630999996038,0.75,16
201,tabpfn,arrivals,2,disrupted,1.5650322049097782,0.8076923076923077,26
201,tabpfn,arrivals,2,normal,1.40389317998451,0.7801418439716312,141
201,tabpfn,arrivals,3,all,1.4740159227359144,0.7666666666666667,180
201,tabpfn,arrivals,3,event,1.7440376124812933,0.6875,16
201,tabpfn,arrivals,3,disrupted,1.5633844757697166,0.7692307692307693,26
201,tabpfn,arrivals,3,normal,1.4329725457643059,0.7730496453900709,141
201,tabpfn,arrivals,4,all,1.4690133620943517,0.7611111111111111,180
201,tabpfn,arrivals,4,event,1.680926307244477,0.6875,16
201,tabpfn,arrivals,4,disrupted,1.55378266267345,0.7307692307692307,26
201,tabpfn,arrivals,4,normal,1.4350122474498952,0.7730496453900709,141
201,tabpfn,arrivals,5,all,1.4719686345757697,0.7722222222222223,180
201,tabpfn,arrivals,5,event,1.7976909718944403,0.6875,16
201,tabpfn,arrivals,5,disrupted,1.5848568955510507,0.7407407407407407,27
201,tabpfn,arrivals,5,normal,1.418444768157283,0.7857142857142857,140
201,tabpfn,arrivals,6,all,1.4915286421029976,0.7777777777777778,180
201,tabpfn,arrivals,6,event,1.8210943780376287,0.75,16
201,tabpfn,arrivals,6,disrupted,1.6338374827673707,0.7857142857142857,28
201,tabpfn,arrivals,6,normal,1.4280343937864357,0.7841726618705036,139
201,tabpfn,arrivals,7,all,1.500895815237836,0.7388888888888889,180
201,tabpfn,arrivals,7,event,1.8152090154125067,0.6875,16
201,tabpfn,arrivals,7,disrupted,1.640527365189712,0.6896551724137931,29
201,tabpfn,arrivals,7,normal,1.4371244296427899,0.7536231884057971,138
201,tabpfn,arrivals,8,all,1.498528573176012,0.7444444444444445,180
201,tabpfn,arrivals,8,event,1.8517399869396063,0.625,16
201,tabpfn,arrivals,8,disrupted,1.5929813135523692,0.7,30
201,tabpfn,arrivals,8,normal,1.4383521359707632,0.7664233576642335,137
201,tabpfn,arrivals,9,all,1.491339433399479,0.7444444444444445,180
201,tabpfn,arrivals,9,event,1.797975612648609,0.7333333333333333,15
201,tabpfn,arrivals,9,disrupted,1.568453987979858,0.7419354838709677,31
201,tabpfn,arrivals,9,normal,1.4415978421699498,0.7445255474452555,137
201,tabpfn,arrivals,10,all,1.4566312296760866,0.7388888888888889,180
201,tabpfn,arrivals,10,event,1.8067230949484137,0.6666666666666666,15
201,tabpfn,arrivals,10,disrupted,1.5871479402408255,0.65625,32
201,tabpfn,arrivals,10,normal,1.392365307671318,0.7647058823529411,136
201,tabpfn,arrivals,11,all,1.4550668303703815,0.7333333333333333,180
201,tabpfn,arrivals,11,event,1.7859176043572873,0.7142857142857143,14
201,tabpfn,arrivals,11,disrupted,1.5980343146664064,0.6666666666666666,33
201,tabpfn,arrivals,11,normal,1.3935324745184083,0.75,136
201,tabpfn,arrivals,12,all,1.4376491429837326,0.7444444444444445,180
201,tabpfn,arrivals,12,event,1.7666890778331523,0.7142857142857143,14
201,tabpfn,arrivals,12,disrupted,1.576465703333549,0.7058823529411765,34
201,tabpfn,arrivals,12,normal,1.3782812514326237,0.7555555555555555,135
201,tabpfn,arrivals,13,all,1.4265167119345248,0.7444444444444445,180
201,tabpfn,arrivals,13,event,1.801110181174391,0.7142857142857143,14
201,tabpfn,arrivals,13,disrupted,1.5994328797421629,0.6857142857142857,35
201,tabpfn,arrivals,13,normal,1.3518166858683214,0.7611940298507462,134
201,tabpfn,price_fast,1,all,0.21615984112710152,0.8222222222222222,180
201,tabpfn,price_fast,1,event,0.22581280907686857,0.8125,16
201,tabpfn,price_fast,1,disrupted,0.36565141575168925,0.64,25
201,tabpfn,price_fast,1,normal,0.1952248801222684,0.8450704225352113,142
201,tabpfn,price_fast,2,all,0.24698386886315674,0.8055555555555556,180
201,tabpfn,price_fast,2,event,0.235423873920786,0.8125,16
201,tabpfn,price_fast,2,disrupted,0.43969961617464853,0.5769230769230769,26
201,tabpfn,price_fast,2,normal,0.21808737208000692,0.8368794326241135,141
201,tabpfn,price_fast,3,all,0.2657493540510324,0.8055555555555556,180
201,tabpfn,price_fast,3,event,0.27895064112163054,0.8125,16
201,tabpfn,price_fast,3,disrupted,0.493792737970895,0.5,26
201,tabpfn,price_fast,3,normal,0.22975882288013688,0.851063829787234,141
201,tabpfn,price_fast,4,all,0.2849551298728724,0.8111111111111111,180
201,tabpfn,price_fast,4,event,0.3188223433654818,0.75,16
201,tabpfn,price_fast,4,disrupted,0.5414483158950998,0.5,26
201,tabpfn,price_fast,4,normal,0.24535257680429842,0.8581560283687943,141
201,tabpfn,price_fast,5,all,0.2998874858249934,0.7666666666666667,180
201,tabpfn,price_fast,5,event,0.32311779349130454,0.6875,16
201,tabpfn,price_fast,5,disrupted,0.5957062605666773,0.37037037037037035,27
201,tabpfn,price_fast,5,normal,0.25235955354088,0.8357142857142857,140
201,tabpfn,price_fast,6,all,0.31772018312560246,0.7444444444444445,180
201,tabpfn,price_fast,6,event,0.3492577095216812,0.6875,16
201,tabpfn,price_fast,6,disrupted,0.6436693813064139,0.35714285714285715,28
201,tabpfn,price_fast,6,normal,0.2615278771285078,0.8129496402877698,139
201,tabpfn,price_fast,7,all,0.3335568715283425,0.75,180
201,tabpfn,price_fast,7,event,0.3258474805763307,0.6875,16
201,tabpfn,price_fast,7,disrupted,0.6765001453486685,0.3103448275862069,29
201,tabpfn,price_fast,7,normal,0.2731335839285644,0.8333333333333334,138
201,tabpfn,price_fast,8,all,0.34465516931050344,0.7722222222222223,180
201,tabpfn,price_fast,8,event,0.3580489283069584,0.6875,16
201,tabpfn,price_fast,8,disrupted,0.6984639713915707,0.3,30
201,tabpfn,price_fast,8,normal,0.27971713529538045,0.8686131386861314,137
201,tabpfn,price_fast,9,all,0.3580704386413719,0.7555555555555555,180
201,tabpfn,price_fast,9,event,0.3886174440142651,0.6666666666666666,15
201,tabpfn,price_fast,9,disrupted,0.7272045135791051,0.2903225806451613,31
201,tabpfn,price_fast,9,normal,0.28619309482497146,0.8540145985401459,137
201,tabpfn,price_fast,10,all,0.36717384949770276,0.7444444444444445,180
201,tabpfn,price_fast,10,event,0.3786407752609795,0.7333333333333333,15
201,tabpfn,price_fast,10,disrupted,0.7529628477846673,0.28125,32
201,tabpfn,price_fast,10,normal,0.2894578905241427,0.8382352941176471,136
201,tabpfn,price_fast,11,all,0.37924528966437016,0.7666666666666667,180
201,tabpfn,price_fast,11,event,0.3765105781568362,0.8571428571428571,14
201,tabpfn,price_fast,11,disrupted,0.7698124944173745,0.3333333333333333,33
201,tabpfn,price_fast,11,normal,0.2976411690680867,0.8529411764705882,136
201,tabpfn,price_fast,12,all,0.38400853958675407,0.7333333333333333,180
201,tabpfn,price_fast,12,event,0.3654518414499711,0.7857142857142857,14
201,tabpfn,price_fast,12,disrupted,0.7912689066978261,0.23529411764705882,34
201,tabpfn,price_fast,12,normal,0.29589459928871437,0.837037037037037,135
201,tabpfn,price_fast,13,all,0.39212297017053793,0.7388888888888889,180
201,tabpfn,price_fast,13,event,0.355129035431582,0.7142857142857143,14
201,tabpfn,price_fast,13,disrupted,0.8025731566659825,0.2857142857142857,35
201,tabpfn,price_fast,13,normal,0.29981476123688544,0.8432835820895522,134
201,tabpfn,price_slow,1,all,0.17367169251340556,0.8055555555555556,180
201,tabpfn,price_slow,1,event,0.21910449871354537,0.75,16
201,tabpfn,price_slow,1,disrupted,0.20998722077185772,0.72,25
201,tabpfn,price_slow,1,normal,0.16342543166237014,0.823943661971831,142
201,tabpfn,price_slow,2,all,0.1887723894479772,0.7833333333333333,180
201,tabpfn,price_slow,2,event,0.2257747751087537,0.6875,16
201,tabpfn,price_slow,2,disrupted,0.23836268198925936,0.6923076923076923,26
201,tabpfn,price_slow,2,normal,0.1747171230535095,0.8156028368794326,141
201,tabpfn,price_slow,3,all,0.1964226805438262,0.7888888888888889,180
201,tabpfn,price_slow,3,event,0.21846019990615428,0.6875,16
201,tabpfn,price_slow,3,disrupted,0.25047926952004906,0.6923076923076923,26
201,tabpfn,price_slow,3,normal,0.18358090031766316,0.8156028368794326,141
201,tabpfn,price_slow,4,all,0.20043852719482902,0.8277777777777777,180
201,tabpfn,price_slow,4,event,0.22744655658165625,0.75,16
201,tabpfn,price_slow,4,disrupted,0.25675650466008015,0.7692307692307693,26
201,tabpfn,price_slow,4,normal,0.18739248763524974,0.8439716312056738,141
201,tabpfn,price_slow,5,all,0.2022461793844916,0.8444444444444444,180
201,tabpfn,price_slow,5,event,0.2554188830535556,0.75,16
201,tabpfn,price_slow,5,disrupted,0.23825515601031227,0.8148148148148148,27
201,tabpfn,price_slow,5,normal,0.1901152623202357,0.8571428571428571,140
201,tabpfn,price_slow,6,all,0.20685117895344643,0.8722222222222222,180
201,tabpfn,price_slow,6,event,0.29164795633378404,0.8125,16
201,tabpfn,price_slow,6,disrupted,0.23500998692661448,0.8928571428571429,28
201,tabpfn,price_slow,6,normal,0.19308589142067945,0.8705035971223022,139
201,tabpfn,price_slow,7,all,0.21141157879540912,0.8722222222222222,180
201,tabpfn,price_slow,7,event,0.2749692054524281,0.875,16
201,tabpfn,price_slow,7,disrupted,0.22159805602985017,0.8275862068965517,29
201,tabpfn,price_slow,7,normal,0.20159945609542793,0.8840579710144928,138
201,tabpfn,price_slow,8,all,0.21746365779516744,0.9,180
201,tabpfn,price_slow,8,event,0.30584375305477396,0.8125,16
201,tabpfn,price_slow,8,disrupted,0.21036178586888946,0.9333333333333333,30
201,tabpfn,price_slow,8,normal,0.2079085260733256,0.9051094890510949,137
201,tabpfn,price_slow,9,all,0.22392910293503795,0.8944444444444445,180
201,tabpfn,price_slow,9,event,0.2686576656118399,0.8666666666666667,15
201,tabpfn,price_slow,9,disrupted,0.2149458701330404,0.967741935483871,31
201,tabpfn,price_slow,9,normal,0.22125252726623362,0.8832116788321168,137
201,tabpfn,price_slow,10,all,0.22709840754509764,0.8777777777777778,180
201,tabpfn,price_slow,10,event,0.2946651294405641,0.8666666666666667,15
201,tabpfn,price_slow,10,disrupted,0.22665235915855428,0.9375,32
201,tabpfn,price_slow,10,normal,0.22141620026943676,0.8676470588235294,136
201,tabpfn,price_slow,11,all,0.23345301419824607,0.8611111111111112,180
201,tabpfn,price_slow,11,event,0.25688611894292795,0.9285714285714286,14
201,tabpfn,price_slow,11,disrupted,0.24512538871340003,0.8787878787878788,33
201,tabpfn,price_slow,11,normal,0.23007098165716441,0.8529411764705882,136
201,tabpfn,price_slow,12,all,0.24003713010583355,0.8666666666666667,180
201,tabpfn,price_slow,12,event,0.2507997723279063,0.9285714285714286,14
201,tabpfn,price_slow,12,disrupted,0.2636430398780176,0.8529411764705882,34
201,tabpfn,price_slow,12,normal,0.23422005855571784,0.8666666666666667,135
201,tabpfn,price_slow,13,all,0.2462042008954654,0.8555555555555555,180
201,tabpfn,price_slow,13,event,0.2466304857600383,0.9285714285714286,14
201,tabpfn,price_slow,13,disrupted,0.28483911677380797,0.8285714285714286,35
201,tabpfn,price_slow,13,normal,0.23563537880616506,0.8582089552238806,134
201,tabpfn,cap_fast,1,all,5.491843459488444,0.7444444444444445,180
201,tabpfn,cap_fast,1,event,6.500266938682621,0.8125,16
201,tabpfn,cap_fast,1,disrupted,6.1094684498763305,0.76,25
201,tabpfn,cap_fast,1,normal,5.308346680889059,0.7253521126760564,142
201,tabpfn,cap_fast,2,all,6.0049133445282346,0.75,180
201,tabpfn,cap_fast,2,event,6.264375816929308,0.8125,16
201,tabpfn,cap_fast,2,disrupted,6.234638385525286,0.7692307692307693,26
201,tabpfn,cap_fast,2,normal,5.910840024446377,0.7375886524822695,141
201,tabpfn,cap_fast,3,all,6.4424155759316815,0.7388888888888889,180
201,tabpfn,cap_fast,3,event,9.129084088628801,0.75,16
201,tabpfn,cap_fast,3,disrupted,5.9583912912660715,0.7692307692307693,26
201,tabpfn,cap_fast,3,normal,6.185862961415267,0.7304964539007093,141
201,tabpfn,cap_fast,4,all,6.8982853626329215,0.75,180
201,tabpfn,cap_fast,4,event,8.48104061259507,0.8125,16
201,tabpfn,cap_fast,4,disrupted,5.612821093793865,0.8461538461538461,26
201,tabpfn,cap_fast,4,normal,6.851948945378928,0.7304964539007093,141
201,tabpfn,cap_fast,5,all,7.723309212520601,0.7388888888888889,180
201,tabpfn,cap_fast,5,event,7.78472201906667,0.875,16
201,tabpfn,cap_fast,5,disrupted,7.78798277869905,0.8148148148148148,27
201,tabpfn,cap_fast,5,normal,7.582538793118874,0.7142857142857143,140
201,tabpfn,cap_fast,6,all,8.519006178435706,0.7055555555555556,180
201,tabpfn,cap_fast,6,event,8.017837732028706,0.8125,16
201,tabpfn,cap_fast,6,disrupted,9.717544376351203,0.75,28
201,tabpfn,cap_fast,6,normal,8.200290687999198,0.6906474820143885,139
201,tabpfn,cap_fast,7,all,9.218165249996858,0.7,180
201,tabpfn,cap_fast,7,event,7.208668439578755,0.9375,16
201,tabpfn,cap_fast,7,disrupted,11.445154850977156,0.7241379310344828,29
201,tabpfn,cap_fast,7,normal,8.828834159723371,0.6739130434782609,138
201,tabpfn,cap_fast,8,all,9.769985149140384,0.6888888888888889,180
201,tabpfn,cap_fast,8,event,10.213979469855627,0.8125,16
201,tabpfn,cap_fast,8,disrupted,13.295890593399406,0.7,30
201,tabpfn,cap_fast,8,normal,8.791290094532645,0.6788321167883211,137
201,tabpfn,cap_fast,9,all,10.214103745415064,0.7111111111111111,180
201,tabpfn,cap_fast,9,event,7.478091539783002,0.8666666666666667,15
201,tabpfn,cap_fast,9,disrupted,14.862271076413794,0.6774193548387096,31
201,tabpfn,cap_fast,9,normal,9.294051894208645,0.708029197080292,137
201,tabpfn,cap_fast,10,all,10.550693371874289,0.6777777777777778,180
201,tabpfn,cap_fast,10,event,9.055266680163863,0.8666666666666667,15
201,tabpfn,cap_fast,10,disrupted,16.367999032748386,0.625,32
201,tabpfn,cap_fast,10,normal,9.17312333623217,0.6764705882352942,136
201,tabpfn,cap_fast,11,all,10.899377835227758,0.6944444444444444,180
201,tabpfn,cap_fast,11,event,6.366953221663394,0.8571428571428571,14
201,tabpfn,cap_fast,11,disrupted,17.754142050811502,0.6060606060606061,33
201,tabpfn,cap_fast,11,normal,9.516774889080994,0.6985294117647058,136
201,tabpfn,cap_fast,12,all,11.101986513592333,0.6777777777777778,180
201,tabpfn,cap_fast,12,event,6.273701312134934,0.9285714285714286,14
201,tabpfn,cap_fast,12,disrupted,18.374385202090565,0.6176470588235294,34
201,tabpfn,cap_fast,12,normal,9.581837060432376,0.674074074074074,135
201,tabpfn,cap_fast,13,all,11.270765307216676,0.6666666666666666,180
201,tabpfn,cap_fast,13,event,6.273038879139782,0.9285714285714286,14
201,tabpfn,cap_fast,13,disrupted,18.219304259427958,0.6,35
201,tabpfn,cap_fast,13,normal,9.779004240777432,0.664179104477612,134
201,tabpfn,cap_slow,1,all,19.516768147410215,0.8,180
201,tabpfn,cap_slow,1,event,34.75662526748323,0.625,16
201,tabpfn,cap_slow,1,disrupted,67.31027032951415,0.28,25
201,tabpfn,cap_slow,1,normal,11.08784770655121,0.8943661971830986,142
201,tabpfn,cap_slow,2,all,21.88960249121482,0.7944444444444444,180
201,tabpfn,cap_slow,2,event,34.5105181660428,0.6875,16
201,tabpfn,cap_slow,2,disrupted,77.17326170707916,0.11538461538461539,26
201,tabpfn,cap_slow,2,normal,12.007875756216407,0.9148936170212766,141
201,tabpfn,cap_slow,3,all,24.313209013360225,0.7777777777777778,180
201,tabpfn,cap_slow,3,event,33.052116486050124,0.6875,16
201,tabpfn,cap_slow,3,disrupted,87.01898698666712,0.07692307692307693,26
201,tabpfn,cap_slow,3,normal,13.40522448386692,0.900709219858156,141
201,tabpfn,cap_slow,4,all,26.941384501965736,0.7555555555555555,180
201,tabpfn,cap_slow,4,event,39.541938843166356,0.625,16
201,tabpfn,cap_slow,4,disrupted,94.23889693092859,0.038461538461538464,26
201,tabpfn,cap_slow,4,normal,15.107803754802465,0.8865248226950354,141
201,tabpfn,cap_slow,5,all,28.9131444306014,0.7222222222222222,180
201,tabpfn,cap_slow,5,event,39.27274900857163,0.5625,16
201,tabpfn,cap_slow,5,disrupted,97.70239333076763,0.0,27
201,tabpfn,cap_slow,5,normal,16.479872796348378,0.8642857142857143,140
201,tabpfn,cap_slow,6,all,30.026395138340316,0.7277777777777777,180
201,tabpfn,cap_slow,6,event,42.47124959215913,0.625,16
201,tabpfn,cap_slow,6,disrupted,97.65327877256534,0.10714285714285714,28
201,tabpfn,cap_slow,6,normal,16.9860435233568,0.8489208633093526,139
201,tabpfn,cap_slow,7,all,31.18298629597746,0.7388888888888889,180
201,tabpfn,cap_slow,7,event,42.64335156664644,0.625,16
201,tabpfn,cap_slow,7,disrupted,100.36150387400536,0.1724137931034483,29
201,tabpfn,cap_slow,7,normal,17.308553793490447,0.855072463768116,138
201,tabpfn,cap_slow,8,all,32.16003255710954,0.7833333333333333,180
201,tabpfn,cap_slow,8,event,41.33991051897798,0.75,16
201,tabpfn,cap_slow,8,disrupted,103.91004226523614,0.16666666666666666,30
201,tabpfn,cap_slow,8,normal,17.361838618926743,0.9051094890510949,137
201,tabpfn,cap_slow,9,all,32.44476100577545,0.7666666666666667,180
201,tabpfn,cap_slow,9,event,42.85088371622022,0.6666666666666666,15
201,tabpfn,cap_slow,9,disrupted,102.87613710234467,0.16129032258064516,31
201,tabpfn,cap_slow,9,normal,17.36422984665911,0.8978102189781022,137
201,tabpfn,cap_slow,10,all,32.5309951164907,0.7666666666666667,180
201,tabpfn,cap_slow,10,event,41.66646853474235,0.7333333333333333,15
201,tabpfn,cap_slow,10,disrupted,101.36117437099907,0.1875,32
201,tabpfn,cap_slow,10,normal,17.34793853465777,0.8897058823529411,136
201,tabpfn,cap_slow,11,all,33.342039845111096,0.7611111111111111,180
201,tabpfn,cap_slow,11,event,45.894421707616935,0.6428571428571429,14
201,tabpfn,cap_slow,11,disrupted,100.86498696450028,0.18181818181818182,33
201,tabpfn,cap_slow,11,normal,17.59003462558623,0.8970588235294118,136
201,tabpfn,cap_slow,12,all,34.057903762958375,0.7666666666666667,180
201,tabpfn,cap_slow,12,event,47.95267873108948,0.5714285714285714,14
201,tabpfn,cap_slow,12,disrupted,100.84246584837767,0.20588235294117646,34
201,tabpfn,cap_slow,12,normal,17.851524171904128,0.9111111111111111,135
201,tabpfn,cap_slow,13,all,35.007667312990606,0.7666666666666667,180
201,tabpfn,cap_slow,13,event,52.639863746086675,0.5714285714285714,14
201,tabpfn,cap_slow,13,disrupted,101.37121566652131,0.22857142857142856,35
201,tabpfn,cap_slow,13,normal,17.86498791088473,0.9104477611940298,134
202,ridge,propensity,0,all,0.01771930443543898,0.7666666666666667,180
202,ridge,propensity,0,event,0.028513423474656685,0.6,20
202,ridge,propensity,0,disrupted,0.014968913040383846,0.6956521739130435,23
202,ridge,propensity,0,normal,0.016508288785929814,0.8041958041958042,143
202,ridge,propensity,1,all,0.01773230791217774,0.7888888888888889,180
202,ridge,propensity,1,event,0.02694156516979752,0.7,20
202,ridge,propensity,1,disrupted,0.014663462269224534,0.6086956521739131,23
202,ridge,propensity,1,normal,0.016751383935732552,0.8321678321678322,143
202,ridge,propensity,2,all,0.018323999058277706,0.7777777777777778,180
202,ridge,propensity,2,event,0.028937535277929187,0.5789473684210527,19
202,ridge,propensity,2,disrupted,0.015489644623793916,0.6521739130434783,23
202,ridge,propensity,2,normal,0.017192123166653688,0.8263888888888888,144
202,ridge,propensity,3,all,0.018118085969003984,0.7777777777777778,180
202,ridge,propensity,3,event,0.02967235725530332,0.5263157894736842,19
202,ridge,propensity,3,disrupted,0.0162396937618203,0.6956521739130435,23
202,ridge,propensity,3,normal,0.016771644389702925,0.8263888888888888,144
202,ridge,propensity,4,all,0.01835464925903049,0.7388888888888889,180
202,ridge,propensity,4,event,0.029503149893399555,0.5789473684210527,19
202,ridge,propensity,4,disrupted,0.01636770316346404,0.6521739130434783,23
202,ridge,propensity,4,normal,0.017112078834166183,0.7777777777777778,144
202,ridge,propensity,5,all,0.018491689178576673,0.7333333333333333,180
202,ridge,propensity,5,event,0.03091773213784385,0.47368421052631576,19
202,ridge,propensity,5,disrupted,0.01646901111773385,0.5833333333333334,24
202,ridge,propensity,5,normal,0.017082526096281886,0.7972027972027972,143
202,ridge,propensity,6,all,0.01806312859466384,0.75,180
202,ridge,propensity,6,event,0.030137543005684,0.5789473684210527,19
202,ridge,propensity,6,disrupted,0.016560840877599865,0.56,25
202,ridge,propensity,6,normal,0.016659478873364417,0.8098591549295775,142
202,ridge,propensity,7,all,0.017967292399823604,0.75,180
202,ridge,propensity,7,event,0.029513468380022796,0.5789473684210527,19
202,ridge,propensity,7,disrupted,0.018199129445963635,0.5769230769230769,26
202,ridge,propensity,7,normal,0.016405511835216664,0.8085106382978723,141
202,ridge,propensity,8,all,0.01861505589725238,0.7555555555555555,180
202,ridge,propensity,8,event,0.03003339361450705,0.5789473684210527,19
202,ridge,propensity,8,disrupted,0.01826150119374326,0.6666666666666666,27
202,ridge,propensity,8,normal,0.0171233995693037,0.8,140
202,ridge,propensity,9,all,0.01794771099287926,0.7555555555555555,180
202,ridge,propensity,9,event,0.028932038747588394,0.5789473684210527,19
202,ridge,propensity,9,disrupted,0.01837425372284493,0.6428571428571429,28
202,ridge,propensity,9,normal,0.016458080741073695,0.7985611510791367,139
202,ridge,propensity,10,all,0.017760995954594766,0.7833333333333333,180
202,ridge,propensity,10,event,0.028027815168415716,0.65,20
202,ridge,propensity,10,disrupted,0.017884446734415166,0.7241379310344828,29
202,ridge,propensity,10,normal,0.01634227955406543,0.8188405797101449,138
202,ridge,propensity,11,all,0.01810210169638721,0.7888888888888889,180
202,ridge,propensity,11,event,0.027391832962178807,0.631578947368421,19
202,ridge,propensity,11,disrupted,0.018893504284746728,0.6333333333333333,30
202,ridge,propensity,11,normal,0.016935929476389944,0.8405797101449275,138
202,ridge,propensity,12,all,0.017020363904249287,0.7944444444444444,180
202,ridge,propensity,12,event,0.025959130941302047,0.7368421052631579,19
202,ridge,propensity,12,disrupted,0.016335354177003734,0.6774193548387096,31
202,ridge,propensity,12,normal,0.016080853958328367,0.8321167883211679,137
202,ridge,propensity,13,all,0.01772388145015645,0.8055555555555556,180
202,ridge,propensity,13,event,0.025514075289659877,0.55,20
202,ridge,propensity,13,disrupted,0.01664823271928404,0.71875,32
202,ridge,propensity,13,normal,0.01716028220972272,0.8455882352941176,136
202,ridge,arrivals,0,all,1.3698414259371876,0.7722222222222223,180
202,ridge,arrivals,0,event,1.3468702746702397,0.8,20
202,ridge,arrivals,0,disrupted,0.9070231763411922,0.8695652173913043,23
202,ridge,arrivals,0,normal,1.4444413824058084,0.7552447552447552,143
202,ridge,arrivals,1,all,1.3879636202073395,0.7666666666666667,180
202,ridge,arrivals,1,event,1.4554820202928487,0.85,20
202,ridge,arrivals,1,disrupted,0.8989004405798487,0.8695652173913043,23
202,ridge,arrivals,1,normal,1.4585490778870491,0.7412587412587412,143
202,ridge,arrivals,2,all,1.3588937287608482,0.7777777777777778,180
202,ridge,arrivals,2,event,1.3628631954993238,0.7894736842105263,19
202,ridge,arrivals,2,disrupted,0.8456568327028254,0.8695652173913043,23
202,ridge,arrivals,2,normal,1.4390139302573912,0.7638888888888888,144
202,ridge,arrivals,3,all,1.3688529529187519,0.7555555555555555,180
202,ridge,arrivals,3,event,1.3763975845210714,0.7894736842105263,19
202,ridge,arrivals,3,disrupted,0.9330210630762446,0.8695652173913043,23
202,ridge,arrivals,3,normal,1.4359216396161303,0.7361111111111112,144
202,ridge,arrivals,4,all,1.3641288644080314,0.7611111111111111,180
202,ridge,arrivals,4,event,1.3921746250798586,0.7368421052631579,19
202,ridge,arrivals,4,disrupted,1.035989630244548,0.8695652173913043,23
202,ridge,arrivals,4,normal,1.4181450424631934,0.75,144
202,ridge,arrivals,5,all,1.348685350021494,0.7611111111111111,180
202,ridge,arrivals,5,event,1.395012595593346,0.7368421052631579,19
202,ridge,arrivals,5,disrupted,1.029845452066662,0.875,24
202,ridge,arrivals,5,normal,1.3993825315361512,0.7482517482517482,143
202,ridge,arrivals,6,all,1.3397697648129354,0.7611111111111111,180
202,ridge,arrivals,6,event,1.4122307006232138,0.7894736842105263,19
202,ridge,arrivals,6,disrupted,1.0566227127310561,0.88,25
202,ridge,arrivals,6,normal,1.3834188674454884,0.7394366197183099,142
202,ridge,arrivals,7,all,1.3253885331653354,0.7666666666666667,180
202,ridge,arrivals,7,event,1.469192651227605,0.7368421052631579,19
202,ridge,arrivals,7,disrupted,1.0216769525430478,0.8846153846153846,26
202,ridge,arrivals,7,normal,1.3676264977786798,0.75177304964539,141
202,ridge,arrivals,8,all,1.3168107864129723,0.7666666666666667,180
202,ridge,arrivals,8,event,1.464236705941613,0.6842105263157895,19
202,ridge,arrivals,8,disrupted,1.0712271761720265,0.8888888888888888,27
202,ridge,arrivals,8,normal,1.3477565895523176,0.7571428571428571,140
202,ridge,arrivals,9,all,1.3079918709980263,0.7777777777777778,180
202,ridge,arrivals,9,event,1.4816286593833887,0.7368421052631579,19
202,ridge,arrivals,9,disrupted,1.0810630660649125,0.8571428571428571,28
202,ridge,arrivals,9,normal,1.3368804389372273,0.7697841726618705,139
202,ridge,arrivals,10,all,1.3033870955366176,0.7944444444444444,180
202,ridge,arrivals,10,event,1.6691368818019015,0.65,20
202,ridge,arrivals,10,disrupted,1.1468858141779688,0.8620689655172413,29
202,ridge,arrivals,10,normal,1.3127941225798119,0.7971014492753623,138
202,ridge,arrivals,11,all,1.3359276092257135,0.7666666666666667,180
202,ridge,arrivals,11,event,1.5734567367494536,0.631578947368421,19
202,ridge,arrivals,11,disrupted,1.1931887327842172,0.8,30
202,ridge,arrivals,11,normal,1.3470617184112175,0.7753623188405797,138
202,ridge,arrivals,12,all,1.332496761073948,0.7555555555555555,180
202,ridge,arrivals,12,event,1.5472753760823756,0.631578947368421,19
202,ridge,arrivals,12,disrupted,1.207419973881204,0.8064516129032258,31
202,ridge,arrivals,12,normal,1.3399376828341845,0.7591240875912408,137
202,ridge,arrivals,13,all,1.3120076365762712,0.7833333333333333,180
202,ridge,arrivals,13,event,1.38635041401434,0.75,20
202,ridge,arrivals,13,disrupted,1.2293220991929983,0.84375,32
202,ridge,arrivals,13,normal,1.3224411042669535,0.7720588235294118,136
202,ridge,price_fast,1,all,0.3586719165784622,0.7333333333333333,180
202,ridge,price_fast,1,event,0.4023237904982322,0.7,20
202,ridge,price_fast,1,disrupted,0.4896529861053029,0.6521739130434783,23
202,ridge,price_fast,1,normal,0.33386073491215335,0.7552447552447552,143
202,ridge,price_fast,2,all,0.36788845196391196,0.7333333333333333,180
202,ridge,price_fast,2,event,0.4199864717887364,0.631578947368421,19
202,ridge,price_fast,2,disrupted,0.5279416703502452,0.6086956521739131,23
202,ridge,price_fast,2,normal,0.33907538800899645,0.7638888888888888,144
202,ridge,price_fast,3,all,0.37501716027525084,0.7444444444444445,180
202,ridge,price_fast,3,event,0.4395115527118528,0.5789473684210527,19
202,ridge,price_fast,3,disrupted,0.5652740546217577,0.5652173913043478,23
202,ridge,price_fast,3,normal,0.3414400999066793,0.7847222222222222,144
202,ridge,price_fast,4,all,0.38008832784915486,0.7333333333333333,180
202,ridge,price_fast,4,event,0.44486727964166944,0.5789473684210527,19
202,ridge,price_fast,4,disrupted,0.5950015213450576,0.5217391304347826,23
202,ridge,price_fast,4,normal,0.34532077222968827,0.7708333333333334,144
202,ridge,price_fast,5,all,0.38777043957348556,0.7388888888888889,180
202,ridge,price_fast,5,event,0.4642904117444672,0.5789473684210527,19
202,ridge,price_fast,5,disrupted,0.6051102035485996,0.5416666666666666,24
202,ridge,price_fast,5,normal,0.35150508332183533,0.7762237762237763,143
202,ridge,price_fast,6,all,0.39222548842829796,0.7444444444444445,180
202,ridge,price_fast,6,event,0.46088502426117933,0.5789473684210527,19
202,ridge,price_fast,6,disrupted,0.6137225428196857,0.56,25
202,ridge,price_fast,6,normal,0.35383238087885416,0.7816901408450704,142
202,ridge,price_fast,7,all,0.40041610923024645,0.7333333333333333,180
202,ridge,price_fast,7,event,0.4644725331820527,0.631578947368421,19
202,ridge,price_fast,7,disrupted,0.6244977597519275,0.6153846153846154,26
202,ridge,price_fast,7,normal,0.3595749581266842,0.7588652482269503,141
202,ridge,price_fast,8,all,0.4111289117587611,0.7222222222222222,180
202,ridge,price_fast,8,event,0.4802767110525501,0.5789473684210527,19
202,ridge,price_fast,8,disrupted,0.6422546740791617,0.5925925925925926,27
202,ridge,price_fast,8,normal,0.36727296763467,0.7571428571428571,140
202,ridge,price_fast,9,all,0.41469259272506065,0.7166666666666667,180
202,ridge,price_fast,9,event,0.49887414271174685,0.5263157894736842,19
202,ridge,price_fast,9,disrupted,0.6403323034183842,0.5357142857142857,28
202,ridge,price_fast,9,normal,0.37011446249838026,0.762589928057554,139
202,ridge,price_fast,10,all,0.41743290675555283,0.6777777777777778,180
202,ridge,price_fast,10,event,0.47486661278076714,0.55,20
202,ridge,price_fast,10,disrupted,0.6291485812668861,0.5172413793103449,29
202,ridge,price_fast,10,normal,0.3757712735276864,0.717391304347826,138
202,ridge,price_fast,11,all,0.4215935436399058,0.6888888888888889,180
202,ridge,price_fast,11,event,0.4574674564665579,0.5263157894736842,19
202,ridge,price_fast,11,disrupted,0.6123680700100324,0.5333333333333333,30
202,ridge,price_fast,11,normal,0.38427587555577225,0.7318840579710145,138
202,ridge,price_fast,12,all,0.4224525110673452,0.6944444444444444,180
202,ridge,price_fast,12,event,0.44789730941312844,0.5789473684210527,19
202,ridge,price_fast,12,disrupted,0.5933958660621702,0.6129032258064516,31
202,ridge,price_fast,12,normal,0.38832437921566365,0.7226277372262774,137
202,ridge,price_fast,13,all,0.42671609482346234,0.6722222222222223,180
202,ridge,price_fast,13,event,0.43990553205106825,0.6,20
202,ridge,price_fast,13,disrupted,0.5874025606694706,0.625,32
202,ridge,price_fast,13,normal,0.3924080258231086,0.6911764705882353,136
202,ridge,price_slow,1,all,0.16700877248568394,0.7888888888888889,180
202,ridge,price_slow,1,event,0.1872853685617113,0.65,20
202,ridge,price_slow,1,disrupted,0.1082100563528487,0.8695652173913043,23
202,ridge,price_slow,1,normal,0.17453864120738885,0.7902097902097902,143
202,ridge,price_slow,2,all,0.17000047482786174,0.7777777777777778,180
202,ridge,price_slow,2,event,0.1905821514634046,0.631578947368421,19
202,ridge,price_slow,2,disrupted,0.10424530598148117,0.8260869565217391,23
202,ridge,price_slow,2,normal,0.17804494157422138,0.7847222222222222,144
202,ridge,price_slow,3,all,0.17609699760349815,0.7888888888888889,180
202,ridge,price_slow,3,event,0.20941067213380862,0.631578947368421,19
202,ridge,price_slow,3,disrupted,0.12003780710349467,0.8260869565217391,23
202,ridge,price_slow,3,normal,0.18109627289172942,0.7986111111111112,144
202,ridge,price_slow,4,all,0.1806315377056692,0.7944444444444444,180
202,ridge,price_slow,4,event,0.20831583302345097,0.631578947368421,19
202,ridge,price_slow,4,disrupted,0.13180490879838844,0.8260869565217391,23
202,ridge,price_slow,4,normal,0.1846939236661128,0.8055555555555556,144
202,ridge,price_slow,5,all,0.18554728058313796,0.8111111111111111,180
202,ridge,price_slow,5,event,0.20575088062648192,0.6842105263157895,19
202,ridge,price_slow,5,disrupted,0.13819165988985005,0.875,24
202,ridge,price_slow,5,normal,0.1900036366704211,0.8111888111888111,143
202,ridge,price_slow,6,all,0.18996323461347184,0.8222222222222222,180
202,ridge,price_slow,6,event,0.2044108825536845,0.7368421052631579,19
202,ridge,price_slow,6,disrupted,0.15508086762260936,0.88,25
202,ridge,price_slow,6,normal,0.19353111824606906,0.8169014084507042,142
202,ridge,price_slow,7,all,0.19510715609841198,0.7944444444444444,180
202,ridge,price_slow,7,event,0.20958999762976038,0.7368421052631579,19
202,ridge,price_slow,7,disrupted,0.1687679513995448,0.8461538461538461,26
202,ridge,price_slow,7,normal,0.19750992267252337,0.7872340425531915,141
202,ridge,price_slow,8,all,0.1982687967563072,0.75,180
202,ridge,price_slow,8,event,0.2076143222237018,0.7368421052631579,19
202,ridge,price_slow,8,disrupted,0.1770286268853172,0.7777777777777778,27
202,ridge,price_slow,8,normal,0.19988133039984304,0.7428571428571429,140
202,ridge,price_slow,9,all,0.20353767933679806,0.7611111111111111,180
202,ridge,price_slow,9,event,0.20501219739362067,0.7368421052631579,19
202,ridge,price_slow,9,disrupted,0.18947483269255977,0.8214285714285714,28
202,ridge,price_slow,9,normal,0.20477961229946226,0.7482014388489209,139
202,ridge,price_slow,10,all,0.20667422709730698,0.7277777777777777,180
202,ridge,price_slow,10,event,0.20383724617920093,0.75,20
202,ridge,price_slow,10,disrupted,0.1906270804338556,0.7586206896551724,29
202,ridge,price_slow,10,normal,0.2088525690980985,0.717391304347826,138
202,ridge,price_slow,11,all,0.20841559169370885,0.7444444444444445,180
202,ridge,price_slow,11,event,0.1811039353119124,0.7368421052631579,19
202,ridge,price_slow,11,disrupted,0.18964228348797146,0.7333333333333333,30
202,ridge,price_slow,11,normal,0.21330706037736788,0.7463768115942029,138
202,ridge,price_slow,12,all,0.2073861383289084,0.7555555555555555,180
202,ridge,price_slow,12,event,0.1858970530057454,0.7894736842105263,19
202,ridge,price_slow,12,disrupted,0.197520429253507,0.7741935483870968,31
202,ridge,price_slow,12,normal,0.20942809511199967,0.7518248175182481,137
202,ridge,price_slow,13,all,0.20572384472427044,0.75,180
202,ridge,price_slow,13,event,0.202196740360364,0.7,20
202,ridge,price_slow,13,disrupted,0.2043912008607501,0.78125,32
202,ridge,price_slow,13,normal,0.2050136212794569,0.75,136
202,ridge,cap_fast,1,all,6.571372109583769,0.8166666666666667,180
202,ridge,cap_fast,1,event,6.304331725783092,0.8,20
202,ridge,cap_fast,1,disrupted,4.584205817475191,0.9565217391304348,23
202,ridge,cap_fast,1,normal,6.82897918665524,0.7972027972027972,143
202,ridge,cap_fast,2,all,6.736738993441236,0.7777777777777778,180
202,ridge,cap_fast,2,event,6.696020388477081,0.7894736842105263,19
202,ridge,cap_fast,2,disrupted,4.523211267795317,0.9565217391304348,23
202,ridge,cap_fast,2,normal,7.02282039089779,0.75,144
202,ridge,cap_fast,3,all,6.938432970146198,0.7444444444444445,180
202,ridge,cap_fast,3,event,6.160784992553693,0.8421052631578947,19
202,ridge,cap_fast,3,disrupted,4.918099599949038,1.0,23
202,ridge,cap_fast,3,normal,7.248543585293161,0.7013888888888888,144
202,ridge,cap_fast,4,all,7.050504222714567,0.7388888888888889,180
202,ridge,cap_fast,4,event,6.4575993629184625,0.7894736842105263,19
202,ridge,cap_fast,4,disrupted,5.208072436444828,0.9130434782608695,23
202,ridge,cap_fast,4,normal,7.32677664358136,0.7083333333333334,144
202,ridge,cap_fast,5,all,7.093892437865497,0.75,180
202,ridge,cap_fast,5,event,6.625082316797394,0.8421052631578947,19
202,ridge,cap_fast,5,disrupted,5.318648533005388,0.9166666666666666,24
202,ridge,cap_fast,5,normal,7.338958140282485,0.7132867132867133,143
202,ridge,cap_fast,6,all,7.109229657747648,0.7333333333333333,180
202,ridge,cap_fast,6,event,6.754300831873676,0.7894736842105263,19
202,ridge,cap_fast,6,disrupted,5.491184277064613,0.88,25
202,ridge,cap_fast,6,normal,7.332518808980593,0.704225352112676,142
202,ridge,cap_fast,7,all,7.253478751137691,0.7555555555555555,180
202,ridge,cap_fast,7,event,7.616727282921069,0.7894736842105263,19
202,ridge,cap_fast,7,disrupted,5.567121335262007,0.8846153846153846,26
202,ridge,cap_fast,7,normal,7.445937528564645,0.7304964539007093,141
202,ridge,cap_fast,8,all,7.244302460685601,0.7777777777777778,180
202,ridge,cap_fast,8,event,7.76525873273877,0.8421052631578947,19
202,ridge,cap_fast,8,disrupted,5.552285573990365,0.8888888888888888,27
202,ridge,cap_fast,8,normal,7.45041023763658,0.75,140
202,ridge,cap_fast,9,all,7.297520749649864,0.7555555555555555,180
202,ridge,cap_fast,9,event,7.745450663266524,0.8947368421052632,19
202,ridge,cap_fast,9,disrupted,5.811898984728709,0.8928571428571429,28
202,ridge,cap_fast,9,normal,7.472057337788962,0.7194244604316546,139
202,ridge,cap_fast,10,all,7.362271966427264,0.7555555555555555,180
202,ridge,cap_fast,10,event,8.115637365984632,0.7,20
202,ridge,cap_fast,10,disrupted,6.1442627347715,0.7586206896551724,29
202,ridge,cap_fast,10,normal,7.494752362802091,0.7536231884057971,138
202,ridge,cap_fast,11,all,7.298501711943701,0.7777777777777778,180
202,ridge,cap_fast,11,event,7.475508488712568,0.8421052631578947,19
202,ridge,cap_fast,11,disrupted,5.97889665539023,0.8333333333333334,30
202,ridge,cap_fast,11,normal,7.587311725536451,0.7536231884057971,138
202,ridge,cap_fast,12,all,7.324067619063933,0.75,180
202,ridge,cap_fast,12,event,7.200178393075919,0.8421052631578947,19
202,ridge,cap_fast,12,disrupted,5.970951144083275,0.7741935483870968,31
202,ridge,cap_fast,12,normal,7.653311428844766,0.7299270072992701,137
202,ridge,cap_fast,13,all,7.3302722217174825,0.7444444444444445,180
202,ridge,cap_fast,13,event,7.098284847015537,0.8,20
202,ridge,cap_fast,13,disrupted,6.187015287765542,0.78125,32
202,ridge,cap_fast,13,normal,7.585367767723834,0.7279411764705882,136
202,ridge,cap_slow,1,all,35.11614424325789,0.8555555555555555,180
202,ridge,cap_slow,1,event,45.21622685978867,0.7,20
202,ridge,cap_slow,1,disrupted,69.65459463867327,0.08695652173913043,23
202,ridge,cap_slow,1,normal,29.46388410204815,0.972027972027972,143
202,ridge,cap_slow,2,all,35.46928864787364,0.8388888888888889,180
202,ridge,cap_slow,2,event,44.953905941201754,0.6842105263157895,19
202,ridge,cap_slow,2,disrupted,71.08357484565322,0.08695652173913043,23
202,ridge,cap_slow,2,normal,29.87863761946605,0.9513888888888888,144
202,ridge,cap_slow,3,all,35.838215671447344,0.8555555555555555,180
202,ridge,cap_slow,3,event,45.53314859720499,0.6842105263157895,19
202,ridge,cap_slow,3,disrupted,72.41596684883875,0.08695652173913043,23
202,ridge,cap_slow,3,normal,30.120388516349003,0.9722222222222222,144
202,ridge,cap_slow,4,all,36.132740008245236,0.85,180
202,ridge,cap_slow,4,event,46.1188297889882,0.7368421052631579,19
202,ridge,cap_slow,4,disrupted,73.26394561937191,0.08695652173913043,23
202,ridge,cap_slow,4,normal,30.41450555751729,0.9583333333333334,144
202,ridge,cap_slow,5,all,36.86294096103497,0.8388888888888889,180
202,ridge,cap_slow,5,event,46.1907945222017,0.7368421052631579,19
202,ridge,cap_slow,5,disrupted,75.47718315541898,0.125,24
202,ridge,cap_slow,5,normal,30.73667713877142,0.9440559440559441,143
202,ridge,cap_slow,6,all,37.56421162684318,0.8388888888888889,180
202,ridge,cap_slow,6,event,46.972824043297464,0.7368421052631579,19
202,ridge,cap_slow,6,disrupted,77.20112303567285,0.12,25
202,ridge,cap_slow,6,normal,30.894176185280923,0.9507042253521126,142
202,ridge,cap_slow,7,all,38.29214365457225,0.8388888888888889,180
202,ridge,cap_slow,7,event,46.72325132161392,0.7368421052631579,19
202,ridge,cap_slow,7,disrupted,78.99704662526521,0.11538461538461539,26
202,ridge,cap_slow,7,normal,31.12588465724571,0.9574468085106383,141
202,ridge,cap_slow,8,all,38.96303726607739,0.8166666666666667,180
202,ridge,cap_slow,8,event,47.67550731105084,0.7368421052631579,19
202,ridge,cap_slow,8,disrupted,80.1862327733337,0.14814814814814814,27
202,ridge,cap_slow,8,normal,31.339350292442635,0.9285714285714286,140
202,ridge,cap_slow,9,all,39.424798577004765,0.8111111111111111,180
202,ridge,cap_slow,9,event,47.387373229878726,0.7368421052631579,19
202,ridge,cap_slow,9,disrupted,81.09396027970817,0.10714285714285714,28
202,ridge,cap_slow,9,normal,31.518676316945506,0.935251798561151,139
202,ridge,cap_slow,10,all,40.02557054629615,0.8,180
202,ridge,cap_slow,10,event,51.55374417162284,0.7,20
202,ridge,cap_slow,10,disrupted,81.76941703245674,0.13793103448275862,29
202,ridge,cap_slow,10,normal,31.66096858622083,0.9202898550724637,138
202,ridge,cap_slow,11,all,40.538287462052786,0.8222222222222222,180
202,ridge,cap_slow,11,event,50.83135323018953,0.6842105263157895,19
202,ridge,cap_slow,11,disrupted,82.47826742197323,0.13333333333333333,30
202,ridge,cap_slow,11,normal,31.973299353954683,0.9565217391304348,138
202,ridge,cap_slow,12,all,40.94658376188949,0.7944444444444444,180
202,ridge,cap_slow,12,event,51.02926963990825,0.6842105263157895,19
202,ridge,cap_slow,12,disrupted,82.80557215914689,0.12903225806451613,31
202,ridge,cap_slow,12,normal,32.005605253147294,0.927007299270073,137
202,ridge,cap_slow,13,all,41.205790430553435,0.7944444444444444,180
202,ridge,cap_slow,13,event,53.459878796417016,0.65,20
202,ridge,cap_slow,13,disrupted,83.25889130633516,0.125,32
202,ridge,cap_slow,13,normal,31.872509865322975,0.9338235294117647,136
202,gbm,propensity,0,all,0.015792930480709063,0.8333333333333334,180
202,gbm,propensity,0,event,0.028246193340852675,0.65,20
202,gbm,propensity,0,disrupted,0.017860537119628005,0.6521739130434783,23
202,gbm,propensity,0,normal,0.013750404930172374,0.8881118881118881,143
202,gbm,propensity,1,all,0.016499855817818137,0.8555555555555555,180
202,gbm,propensity,1,event,0.030406772070172266,0.65,20
202,gbm,propensity,1,disrupted,0.017924445485630006,0.782608695652174,23
202,gbm,propensity,1,normal,0.014273086064263934,0.8951048951048951,143
202,gbm,propensity,2,all,0.016788536381728395,0.8666666666666667,180
202,gbm,propensity,2,event,0.031930709329070994,0.6842105263157895,19
202,gbm,propensity,2,disrupted,0.018180130834088398,0.782608695652174,23
202,gbm,propensity,2,normal,0.014594196482308135,0.9027777777777778,144
202,gbm,propensity,3,all,0.01662630086586863,0.85,180
202,gbm,propensity,3,event,0.029764508311086638,0.631578947368421,19
202,gbm,propensity,3,disrupted,0.018005798269266345,0.782608695652174,23
202,gbm,propensity,3,normal,0.014648118943584,0.8888888888888888,144
202,gbm,propensity,4,all,0.017092086074722904,0.8388888888888889,180
202,gbm,propensity,4,event,0.03128558908753141,0.631578947368421,19
202,gbm,propensity,4,disrupted,0.018207905971365478,0.7391304347826086,23
202,gbm,propensity,4,normal,0.014979713208258218,0.8819444444444444,144
202,gbm,propensity,5,all,0.017349366466628293,0.8444444444444444,180
202,gbm,propensity,5,event,0.030695305408693075,0.5789473684210527,19
202,gbm,propensity,5,disrupted,0.018182880270654775,0.6666666666666666,24
202,gbm,propensity,5,normal,0.015313048185593831,0.9090909090909091,143
202,gbm,propensity,6,all,0.01724653225911916,0.8388888888888889,180
202,gbm,propensity,6,event,0.02867461129808032,0.631578947368421,19
202,gbm,propensity,6,disrupted,0.018045345249126456,0.72,25
202,gbm,propensity,6,normal,0.015289997706583274,0.8873239436619719,142
202,gbm,propensity,7,all,0.017552576710930863,0.8222222222222222,180
202,gbm,propensity,7,event,0.02995757672995308,0.5263157894736842,19
202,gbm,propensity,7,disrupted,0.019261788829281444,0.6538461538461539,26
202,gbm,propensity,7,normal,0.01535969174274334,0.8865248226950354,141
202,gbm,propensity,8,all,0.01796572211618093,0.8166666666666667,180
202,gbm,propensity,8,event,0.03144096301307264,0.631578947368421,19
202,gbm,propensity,8,disrupted,0.01899715526550259,0.6296296296296297,27
202,gbm,propensity,8,normal,0.015643209015482978,0.8785714285714286,140
202,gbm,propensity,9,all,0.01771066881473481,0.8,180
202,gbm,propensity,9,event,0.03135855468159504,0.5263157894736842,19
202,gbm,propensity,9,disrupted,0.017860743815272816,0.6071428571428571,28
202,gbm,propensity,9,normal,0.01559630941688514,0.8705035971223022,139
202,gbm,propensity,10,all,0.017716078413774813,0.8111111111111111,180
202,gbm,propensity,10,event,0.029810197670021348,0.55,20
202,gbm,propensity,10,disrupted,0.016825403577191856,0.6896551724137931,29
202,gbm,propensity,10,normal,0.015884917343317224,0.8695652173913043,138
202,gbm,propensity,11,all,0.017166122909648966,0.8333333333333334,180
202,gbm,propensity,11,event,0.026409253196961104,0.6842105263157895,19
202,gbm,propensity,11,disrupted,0.01652456510597672,0.6333333333333333,30
202,gbm,propensity,11,normal,0.015864397542299062,0.8913043478260869,138
202,gbm,propensity,12,all,0.017172112167095122,0.8333333333333334,180
202,gbm,propensity,12,event,0.027012886309158282,0.631578947368421,19
202,gbm,propensity,12,disrupted,0.015952058611841406,0.6774193548387096,31
202,gbm,propensity,12,normal,0.015964684088939307,0.8905109489051095,137
202,gbm,propensity,13,all,0.017126223779654913,0.8277777777777777,180
202,gbm,propensity,13,event,0.024622824803687663,0.7,20
202,gbm,propensity,13,disrupted,0.014831052201421105,0.6875,32
202,gbm,propensity,13,normal,0.01617824946848494,0.8823529411764706,136
202,gbm,arrivals,0,all,1.5556067056119205,0.8,180
202,gbm,arrivals,0,event,1.5461824158053368,0.8,20
202,gbm,arrivals,0,disrupted,1.3797932665980523,0.8695652173913043,23
202,gbm,arrivals,0,normal,1.5960035761383076,0.7902097902097902,143
202,gbm,arrivals,1,all,1.57269236373489,0.8111111111111111,180
202,gbm,arrivals,1,event,1.7417953351245097,0.7,20
202,gbm,arrivals,1,disrupted,1.5115342491824648,0.8695652173913043,23
202,gbm,arrivals,1,normal,1.5706125148349745,0.8181818181818182,143
202,gbm,arrivals,2,all,1.5610499818802857,0.8333333333333334,180
202,gbm,arrivals,2,event,1.643810244636045,0.7368421052631579,19
202,gbm,arrivals,2,disrupted,1.5133902435717235,0.8695652173913043,23
202,gbm,arrivals,2,normal,1.5649889680015232,0.8402777777777778,144
202,gbm,arrivals,3,all,1.5567727232812894,0.8222222222222222,180
202,gbm,arrivals,3,event,1.5175454821590548,0.7368421052631579,19
202,gbm,arrivals,3,disrupted,1.4721466241856802,0.8260869565217391,23
202,gbm,arrivals,3,normal,1.5825489493569702,0.8333333333333334,144
202,gbm,arrivals,4,all,1.5516485283747974,0.8111111111111111,180
202,gbm,arrivals,4,event,1.5496741766891047,0.7368421052631579,19
202,gbm,arrivals,4,disrupted,1.4496191635988687,0.8260869565217391,23
202,gbm,arrivals,4,normal,1.5819535202716652,0.8194444444444444,144
202,gbm,arrivals,5,all,1.5370579220565832,0.7888888888888889,180
202,gbm,arrivals,5,event,1.5094005642740298,0.7368421052631579,19
202,gbm,arrivals,5,disrupted,1.4095299631080331,0.8333333333333334,24
202,gbm,arrivals,5,normal,1.5750125848392287,0.7902097902097902,143
202,gbm,arrivals,6,all,1.5513916906274876,0.8166666666666667,180
202,gbm,arrivals,6,event,1.4958901116510348,0.7368421052631579,19
202,gbm,arrivals,6,disrupted,1.432397656328983,0.84,25
202,gbm,arrivals,6,normal,1.5859498225179542,0.823943661971831,142
202,gbm,arrivals,7,all,1.5441291358895493,0.8,180
202,gbm,arrivals,7,event,1.5741036631154781,0.6842105263157895,19
202,gbm,arrivals,7,disrupted,1.4355666285746091,0.8076923076923077,26
202,gbm,arrivals,7,normal,1.5734698751246168,0.8085106382978723,141
202,gbm,arrivals,8,all,1.5106240408692315,0.8,180
202,gbm,arrivals,8,event,1.5536914077602386,0.7368421052631579,19
202,gbm,arrivals,8,disrupted,1.3726692470826365,0.8518518518518519,27
202,gbm,arrivals,8,normal,1.5445342414222327,0.8,140
202,gbm,arrivals,9,all,1.5048579655990788,0.8,180
202,gbm,arrivals,9,event,1.5382022359666692,0.7368421052631579,19
202,gbm,arrivals,9,disrupted,1.307410453847573,0.8571428571428571,28
202,gbm,arrivals,9,normal,1.5514354854843462,0.7985611510791367,139
202,gbm,arrivals,10,all,1.5557080836868327,0.8,180
202,gbm,arrivals,10,event,1.7893361005639357,0.7,20
202,gbm,arrivals,10,disrupted,1.5149775794197868,0.8275862068965517,29
202,gbm,arrivals,10,normal,1.5699864767703648,0.8043478260869565,138
202,gbm,arrivals,11,all,1.595887369566832,0.7666666666666667,180
202,gbm,arrivals,11,event,1.7842942847489935,0.6842105263157895,19
202,gbm,arrivals,11,disrupted,1.6723830549646637,0.7666666666666667,30
202,gbm,arrivals,11,normal,1.5868102012976415,0.7753623188405797,138
202,gbm,arrivals,12,all,1.5786899588754206,0.7944444444444444,180
202,gbm,arrivals,12,event,1.824300801539182,0.6842105263157895,19
202,gbm,arrivals,12,disrupted,1.5985228079062448,0.7741935483870968,31
202,gbm,arrivals,12,normal,1.5789723315838375,0.8102189781021898,137
202,gbm,arrivals,13,all,1.5281929232750449,0.8055555555555556,180
202,gbm,arrivals,13,event,1.7274099074946434,0.75,20
202,gbm,arrivals,13,disrupted,1.4939749832701903,0.78125,32
202,gbm,arrivals,13,normal,1.5472729735063013,0.8161764705882353,136
202,gbm,price_fast,1,all,0.3214843756575661,0.7944444444444444,180
202,gbm,price_fast,1,event,0.2928828609076267,0.75,20
202,gbm,price_fast,1,disrupted,0.3907366548680551,0.6956521739130435,23
202,gbm,price_fast,1,normal,0.3122438131288357,0.8181818181818182,143
202,gbm,price_fast,2,all,0.3370434037881856,0.8277777777777777,180
202,gbm,price_fast,2,event,0.3283018785776518,0.8421052631578947,19
202,gbm,price_fast,2,disrupted,0.47506261651536835,0.6086956521739131,23
202,gbm,price_fast,2,normal,0.31594324897640125,0.8611111111111112,144
202,gbm,price_fast,3,all,0.35418890880421094,0.8222222222222222,180
202,gbm,price_fast,3,event,0.35959983165581516,0.7894736842105263,19
202,gbm,price_fast,3,disrupted,0.543137635748173,0.5217391304347826,23
202,gbm,price_fast,3,normal,0.3258546151197279,0.8680555555555556,144
202,gbm,price_fast,4,all,0.36766541983072243,0.8333333333333334,180
202,gbm,price_fast,4,event,0.4281712398510534,0.7894736842105263,19
202,gbm,price_fast,4,disrupted,0.5923955705919629,0.6086956521739131,23
202,gbm,price_fast,4,normal,0.3346399250383654,0.8680555555555556,144
202,gbm,price_fast,5,all,0.37997166354142664,0.8388888888888889,180
202,gbm,price_fast,5,event,0.47303270564045335,0.7368421052631579,19
202,gbm,price_fast,5,disrupted,0.6300792514773766,0.5416666666666666,24
202,gbm,price_fast,5,normal,0.33968389949071726,0.8881118881118881,143
202,gbm,price_fast,6,all,0.38896803615337855,0.8277777777777777,180
202,gbm,price_fast,6,event,0.3987760569358497,0.7894736842105263,19
202,gbm,price_fast,6,disrupted,0.6409662454098285,0.48,25
202,gbm,price_fast,6,normal,0.34896373410145326,0.8873239436619719,142
202,gbm,price_fast,7,all,0.396932097400279,0.8166666666666667,180
202,gbm,price_fast,7,event,0.39219449536563267,0.8421052631578947,19
202,gbm,price_fast,7,disrupted,0.6541513072132078,0.5,26
202,gbm,price_fast,7,normal,0.35283557461874737,0.8723404255319149,141
202,gbm,price_fast,8,all,0.40609001426066105,0.8111111111111111,180
202,gbm,price_fast,8,event,0.4639734340057164,0.7894736842105263,19
202,gbm,price_fast,8,disrupted,0.6931831241859047,0.5555555555555556,27
202,gbm,price_fast,8,normal,0.3530788673645689,0.8571428571428571,140
202,gbm,price_fast,9,all,0.4174687190273657,0.7777777777777778,180
202,gbm,price_fast,9,event,0.4645603737083147,0.7894736842105263,19
202,gbm,price_fast,9,disrupted,0.7203827795196895,0.4642857142857143,28
202,gbm,price_fast,9,normal,0.3581435750284863,0.8345323741007195,139
202,gbm,price_fast,10,all,0.4228161386509563,0.7833333333333333,180
202,gbm,price_fast,10,event,0.4502854339014434,0.8,20
202,gbm,price_fast,10,disrupted,0.6961930456314467,0.5172413793103449,29
202,gbm,price_fast,10,normal,0.3650648984945977,0.8333333333333334,138
202,gbm,price_fast,11,all,0.43456229778961997,0.7333333333333333,180
202,gbm,price_fast,11,event,0.5179574566727689,0.6842105263157895,19
202,gbm,price_fast,11,disrupted,0.6854333013369864,0.5,30
202,gbm,price_fast,11,normal,0.3792829749824165,0.782608695652174,138
202,gbm,price_fast,12,all,0.4354305677708226,0.7444444444444445,180
202,gbm,price_fast,12,event,0.5226352243814769,0.631578947368421,19
202,gbm,price_fast,12,disrupted,0.6357242602134305,0.5161290322580645,31
202,gbm,price_fast,12,normal,0.3924791022164464,0.7956204379562044,137
202,gbm,price_fast,13,all,0.4319266318638294,0.6944444444444444,180
202,gbm,price_fast,13,event,0.46867643058050856,0.65,20
202,gbm,price_fast,13,disrupted,0.5975053210149497,0.46875,32
202,gbm,price_fast,13,normal,0.3988625002470459,0.7426470588235294,136
202,gbm,price_slow,1,all,0.19554301328097076,0.7944444444444444,180
202,gbm,price_slow,1,event,0.19485478353571098,0.85,20
202,gbm,price_slow,1,disrupted,0.1797127963621491,0.8695652173913043,23
202,gbm,price_slow,1,normal,0.2004048939144157,0.7762237762237763,143
202,gbm,price_slow,2,all,0.20669932549089576,0.8,180
202,gbm,price_slow,2,event,0.19880714951087744,0.8947368421052632,19
202,gbm,price_slow,2,disrupted,0.18917345953138742,0.9565217391304348,23
202,gbm,price_slow,2,normal,0.21328997460014631,0.7708333333333334,144
202,gbm,price_slow,3,all,0.22053350756682505,0.7777777777777778,180
202,gbm,price_slow,3,event,0.2093141194993768,0.8421052631578947,19
202,gbm,price_slow,3,disrupted,0.2091631674599748,0.8695652173913043,23
202,gbm,price_slow,3,normal,0.22677312067143873,0.7569444444444444,144
202,gbm,price_slow,4,all,0.2292672482040638,0.7722222222222223,180
202,gbm,price_slow,4,event,0.2233513959707653,0.8947368421052632,19
202,gbm,price_slow,4,disrupted,0.21867289959937106,0.8695652173913043,23
202,gbm,price_slow,4,normal,0.23500930541417064,0.75,144
202,gbm,price_slow,5,all,0.23880730259798158,0.7944444444444444,180
202,gbm,price_slow,5,event,0.21422239501040266,0.9473684210526315,19
202,gbm,price_slow,5,disrupted,0.22734483109266054,0.875,24
202,gbm,price_slow,5,normal,0.2463405646022733,0.7692307692307693,143
202,gbm,price_slow,6,all,0.24440447679322486,0.7722222222222223,180
202,gbm,price_slow,6,event,0.21176757732985002,0.8947368421052632,19
202,gbm,price_slow,6,disrupted,0.21613487340664178,0.92,25
202,gbm,price_slow,6,normal,0.2538224465130982,0.7394366197183099,142
202,gbm,price_slow,7,all,0.2506264361988505,0.75,180
202,gbm,price_slow,7,event,0.20303873986370916,0.8947368421052632,19
202,gbm,price_slow,7,disrupted,0.22871791062852595,0.8076923076923077,26
202,gbm,price_slow,7,normal,0.2608684461777494,0.7304964539007093,141
202,gbm,price_slow,8,all,0.2588133437452502,0.7388888888888889,180
202,gbm,price_slow,8,event,0.24716268599836222,0.7894736842105263,19
202,gbm,price_slow,8,disrupted,0.24858021949622575,0.7407407407407407,27
202,gbm,price_slow,8,normal,0.26208992885700844,0.7357142857142858,140
202,gbm,price_slow,9,all,0.2611536796652238,0.7388888888888889,180
202,gbm,price_slow,9,event,0.26401541333601325,0.7368421052631579,19
202,gbm,price_slow,9,disrupted,0.2661669160009922,0.6785714285714286,28
202,gbm,price_slow,9,normal,0.25892120830417914,0.7553956834532374,139
202,gbm,price_slow,10,all,0.25738331576000034,0.7611111111111111,180
202,gbm,price_slow,10,event,0.276545653710378,0.8,20
202,gbm,price_slow,10,disrupted,0.2523190911042138,0.7586206896551724,29
202,gbm,price_slow,10,normal,0.25494039541949076,0.7681159420289855,138
202,gbm,price_slow,11,all,0.2530742501332705,0.7833333333333333,180
202,gbm,price_slow,11,event,0.2272885618804448,0.8421052631578947,19
202,gbm,price_slow,11,disrupted,0.22901143952840358,0.8,30
202,gbm,price_slow,11,normal,0.25831084166517804,0.782608695652174,138
202,gbm,price_slow,12,all,0.2508148954241781,0.8,180
202,gbm,price_slow,12,event,0.2340339316819012,0.8947368421052632,19
202,gbm,price_slow,12,disrupted,0.2205922955808075,0.8387096774193549,31
202,gbm,price_slow,12,normal,0.25656981941384127,0.7883211678832117,137
202,gbm,price_slow,13,all,0.24858247866997768,0.7888888888888889,180
202,gbm,price_slow,13,event,0.2209978075898847,0.85,20
202,gbm,price_slow,13,disrupted,0.21595106892107868,0.875,32
202,gbm,price_slow,13,normal,0.2565490314486336,0.7720588235294118,136
202,gbm,cap_fast,1,all,5.108729322214695,0.8222222222222222,180
202,gbm,cap_fast,1,event,5.477978519272264,0.8,20
202,gbm,cap_fast,1,disrupted,3.188676219962274,0.9130434782608695,23
202,gbm,cap_fast,1,normal,5.28931439621538,0.8111888111888111,143
202,gbm,cap_fast,2,all,5.23983421028584,0.8111111111111111,180
202,gbm,cap_fast,2,event,5.553730575878699,0.8421052631578947,19
202,gbm,cap_fast,2,disrupted,3.2055957839299625,0.9565217391304348,23
202,gbm,cap_fast,2,normal,5.421367110556733,0.7916666666666666,144
202,gbm,cap_fast,3,all,5.402988180904081,0.8222222222222222,180
202,gbm,cap_fast,3,event,5.776259627546161,0.7894736842105263,19
202,gbm,cap_fast,3,disrupted,3.389366526930274,0.9565217391304348,23
202,gbm,cap_fast,3,normal,5.57484160852874,0.8055555555555556,144
202,gbm,cap_fast,4,all,5.5526944352193555,0.7944444444444444,180
202,gbm,cap_fast,4,event,5.159799024783351,0.8421052631578947,19
202,gbm,cap_fast,4,disrupted,3.6501623115877466,0.9130434782608695,23
202,gbm,cap_fast,4,normal,5.790985946528455,0.7708333333333334,144
202,gbm,cap_fast,5,all,5.697695055671797,0.7833333333333333,180
202,gbm,cap_fast,5,event,4.83091477061019,0.8947368421052632,19
202,gbm,cap_fast,5,disrupted,4.207582832864595,0.875,24
202,gbm,cap_fast,5,normal,5.934953557824234,0.7622377622377622,143
202,gbm,cap_fast,6,all,5.895542564820208,0.7777777777777778,180
202,gbm,cap_fast,6,event,5.321113047498398,0.8947368421052632,19
202,gbm,cap_fast,6,disrupted,4.839258963080218,0.84,25
202,gbm,cap_fast,6,normal,5.997594809295546,0.7605633802816901,142
202,gbm,cap_fast,7,all,5.894836903586819,0.7888888888888889,180
202,gbm,cap_fast,7,event,5.720543535520415,0.8421052631578947,19
202,gbm,cap_fast,7,disrupted,5.549308078695595,0.8461538461538461,26
202,gbm,cap_fast,7,normal,5.949618333831389,0.7730496453900709,141
202,gbm,cap_fast,8,all,5.851467679000093,0.8,180
202,gbm,cap_fast,8,event,5.5077066012115985,0.8421052631578947,19
202,gbm,cap_fast,8,disrupted,5.771328733724526,0.8888888888888888,27
202,gbm,cap_fast,8,normal,5.891192730872347,0.7785714285714286,140
202,gbm,cap_fast,9,all,5.963785932725945,0.8222222222222222,180
202,gbm,cap_fast,9,event,5.8454668370462874,0.8947368421052632,19
202,gbm,cap_fast,9,disrupted,6.238926205499474,0.9285714285714286,28
202,gbm,cap_fast,9,normal,5.91619274962361,0.7985611510791367,139
202,gbm,cap_fast,10,all,5.889623193367001,0.8222222222222222,180
202,gbm,cap_fast,10,event,3.849704056637864,0.9,20
202,gbm,cap_fast,10,disrupted,5.531046901588687,0.896551724137931,29
202,gbm,cap_fast,10,normal,6.225033213614748,0.7971014492753623,138
202,gbm,cap_fast,11,all,6.0385704610140625,0.8277777777777777,180
202,gbm,cap_fast,11,event,4.043057237789979,1.0,19
202,gbm,cap_fast,11,disrupted,5.12379474388757,0.9333333333333333,30
202,gbm,cap_fast,11,normal,6.509103284782455,0.7898550724637681,138
202,gbm,cap_fast,12,all,6.029017810200367,0.8333333333333334,180
202,gbm,cap_fast,12,event,4.31340405533359,0.9473684210526315,19
202,gbm,cap_fast,12,disrupted,5.35244932651848,0.8709677419354839,31
202,gbm,cap_fast,12,normal,6.436739977804134,0.8102189781021898,137
202,gbm,cap_fast,13,all,6.119496470699361,0.8388888888888889,180
202,gbm,cap_fast,13,event,4.004056194518179,0.95,20
202,gbm,cap_fast,13,disrupted,5.1265438943687425,0.875,32
202,gbm,cap_fast,13,normal,6.607918007314063,0.8161764705882353,136
202,gbm,cap_slow,1,all,28.327191205609214,0.8,180
202,gbm,cap_slow,1,event,33.1944507709113,0.65,20
202,gbm,cap_slow,1,disrupted,49.55347142323366,0.391304347826087,23
202,gbm,cap_slow,1,normal,24.67623010411105,0.8671328671328671,143
202,gbm,cap_slow,2,all,30.870660732508725,0.7833333333333333,180
202,gbm,cap_slow,2,event,35.40595543316079,0.631578947368421,19
202,gbm,cap_slow,2,disrupted,54.97096182728814,0.30434782608695654,23
202,gbm,cap_slow,2,normal,26.85369679882538,0.8611111111111112,144
202,gbm,cap_slow,3,all,32.64957247032928,0.7777777777777778,180
202,gbm,cap_slow,3,event,42.34664397434383,0.631578947368421,19
202,gbm,cap_slow,3,disrupted,61.57051474191576,0.30434782608695654,23
202,gbm,cap_slow,3,normal,27.741180787472356,0.8541666666666666,144
202,gbm,cap_slow,4,all,34.443781966287546,0.7722222222222223,180
202,gbm,cap_slow,4,event,46.05910976436449,0.631578947368421,19
202,gbm,cap_slow,4,disrupted,62.04090096482628,0.30434782608695654,23
202,gbm,cap_slow,4,normal,29.53380773685398,0.8472222222222222,144
202,gbm,cap_slow,5,all,35.139372058576,0.7777777777777778,180
202,gbm,cap_slow,5,event,46.309727625504756,0.631578947368421,19
202,gbm,cap_slow,5,disrupted,62.200559962720945,0.3333333333333333,24
202,gbm,cap_slow,5,normal,30.43263357205774,0.8531468531468531,143
202,gbm,cap_slow,6,all,36.243936774580824,0.7944444444444444,180
202,gbm,cap_slow,6,event,51.11130164216855,0.7368421052631579,19
202,gbm,cap_slow,6,disrupted,65.15994849834382,0.36,25
202,gbm,cap_slow,6,normal,30.948194783449317,0.8591549295774648,142
202,gbm,cap_slow,7,all,37.913559068266416,0.7888888888888889,180
202,gbm,cap_slow,7,event,42.192190249516635,0.7368421052631579,19
202,gbm,cap_slow,7,disrupted,69.58359064676776,0.23076923076923078,26
202,gbm,cap_slow,7,normal,32.498068921438694,0.8723404255319149,141
202,gbm,cap_slow,8,all,39.606413723606984,0.8277777777777777,180
202,gbm,cap_slow,8,event,43.02251167244076,0.7368421052631579,19
202,gbm,cap_slow,8,disrupted,72.72472052685872,0.2962962962962963,27
202,gbm,cap_slow,8,normal,33.599253637008786,0.9214285714285714,140
202,gbm,cap_slow,9,all,40.55125437246991,0.8277777777777777,180
202,gbm,cap_slow,9,event,47.07920068090656,0.7894736842105263,19
202,gbm,cap_slow,9,disrupted,75.35370085050292,0.2857142857142857,28
202,gbm,cap_slow,9,normal,34.31627517201507,0.920863309352518,139
202,gbm,cap_slow,10,all,41.705502894331275,0.8333333333333334,180
202,gbm,cap_slow,10,event,52.50225864358788,0.75,20
202,gbm,cap_slow,10,disrupted,77.79710108831321,0.3448275862068966,29
202,gbm,cap_slow,10,normal,34.80406260897097,0.9202898550724637,138
202,gbm,cap_slow,11,all,42.659827267987644,0.8166666666666667,180
202,gbm,cap_slow,11,event,50.69538538374441,0.6842105263157895,19
202,gbm,cap_slow,11,disrupted,81.40630646619431,0.3,30
202,gbm,cap_slow,11,normal,35.06574272347211,0.9202898550724637,138
202,gbm,cap_slow,12,all,43.42120123570952,0.8055555555555556,180
202,gbm,cap_slow,12,event,54.568439366901295,0.6842105263157895,19
202,gbm,cap_slow,12,disrupted,85.03685315080862,0.2903225806451613,31
202,gbm,cap_slow,12,normal,34.487451708053364,0.9124087591240876,137
202,gbm,cap_slow,13,all,43.99946151060433,0.7833333333333333,180
202,gbm,cap_slow,13,event,59.39922057764916,0.65,20
202,gbm,cap_slow,13,disrupted,85.21596209739977,0.1875,32
202,gbm,cap_slow,13,normal,34.50921303256999,0.9117647058823529,136
202,tabpfn,propensity,0,all,0.014498032808966046,0.8444444444444444,180
202,tabpfn,propensity,0,event,0.025006235159376007,0.6,20
202,tabpfn,propensity,0,disrupted,0.018340875449600814,0.5652173913043478,23
202,tabpfn,propensity,0,normal,0.01230089774340713,0.9230769230769231,143
202,tabpfn,propensity,1,all,0.014568336804539674,0.8166666666666667,180
202,tabpfn,propensity,1,event,0.02458650901075196,0.5,20
202,tabpfn,propensity,1,disrupted,0.018204142939488056,0.4782608695652174,23
202,tabpfn,propensity,1,normal,0.012453901888168,0.9090909090909091,143
202,tabpfn,propensity,2,all,0.014630631817160832,0.8333333333333334,180
202,tabpfn,propensity,2,event,0.022935480368645872,0.6842105263157895,19
202,tabpfn,propensity,2,disrupted,0.01874727600759845,0.5217391304347826,23
202,tabpfn,propensity,2,normal,0.012801810266034585,0.9027777777777778,144
202,tabpfn,propensity,3,all,0.014915688159410573,0.8277777777777777,180
202,tabpfn,propensity,3,event,0.024358948501394077,0.631578947368421,19
202,tabpfn,propensity,3,disrupted,0.019318234081209435,0.6086956521739131,23
202,tabpfn,propensity,3,normal,0.012973516111799116,0.8888888888888888,144
202,tabpfn,propensity,4,all,0.01524468074118485,0.8277777777777777,180
202,tabpfn,propensity,4,event,0.024868568432136074,0.6842105263157895,19
202,tabpfn,propensity,4,disrupted,0.018859622999276734,0.5217391304347826,23
202,tabpfn,propensity,4,normal,0.013375555386933425,0.8958333333333334,144
202,tabpfn,propensity,5,all,0.015284003092933162,0.8388888888888889,180
202,tabpfn,propensity,5,event,0.025748951626755757,0.631578947368421,19
202,tabpfn,propensity,5,disrupted,0.018076961535463135,0.5833333333333334,24
202,tabpfn,propensity,5,normal,0.013372227183709178,0.9090909090909091,143
202,tabpfn,propensity,6,all,0.01600605770488806,0.8166666666666667,180
202,tabpfn,propensity,6,event,0.026312732948229042,0.6842105263157895,19
202,tabpfn,propensity,6,disrupted,0.01886621700163969,0.52,25
202,tabpfn,propensity,6,normal,0.014141053375435874,0.8873239436619719,142
202,tabpfn,propensity,7,all,0.01627926284899928,0.8,180
202,tabpfn,propensity,7,event,0.025268623204141905,0.631578947368421,19
202,tabpfn,propensity,7,disrupted,0.01893697199893488,0.5384615384615384,26
202,tabpfn,propensity,7,normal,0.014473920217987714,0.8723404255319149,141
202,tabpfn,propensity,8,all,0.016682502232224797,0.7888888888888889,180
202,tabpfn,propensity,8,event,0.024875486373813326,0.631578947368421,19
202,tabpfn,propensity,8,disrupted,0.01895774882528522,0.5555555555555556,27
202,tabpfn,propensity,8,normal,0.01498117521968399,0.8571428571428571,140
202,tabpfn,propensity,9,all,0.016505440841847685,0.7944444444444444,180
202,tabpfn,propensity,9,event,0.023967859024517604,0.6842105263157895,19
202,tabpfn,propensity,9,disrupted,0.01920874983673457,0.5714285714285714,28
202,tabpfn,propensity,9,normal,0.014914518277567042,0.8561151079136691,139
202,tabpfn,propensity,10,all,0.016179648226442096,0.8166666666666667,180
202,tabpfn,propensity,10,event,0.022684548353466446,0.65,20
202,tabpfn,propensity,10,disrupted,0.018155792002923297,0.6206896551724138,29
202,tabpfn,propensity,10,normal,0.014733871153011243,0.8840579710144928,138
202,tabpfn,propensity,11,all,0.01642115205178557,0.8,180
202,tabpfn,propensity,11,event,0.021552450831594076,0.7368421052631579,19
202,tabpfn,propensity,11,disrupted,0.018021816407606618,0.6,30
202,tabpfn,propensity,11,normal,0.015260239642387782,0.855072463768116,138
202,tabpfn,propensity,12,all,0.016096386052832173,0.7777777777777778,180
202,tabpfn,propensity,12,event,0.020825821539060013,0.631578947368421,19
202,tabpfn,propensity,12,disrupted,0.01658854196023805,0.6129032258064516,31
202,tabpfn,propensity,12,normal,0.01504377295754129,0.8394160583941606,137
202,tabpfn,propensity,13,all,0.016240136701137265,0.7944444444444444,180
202,tabpfn,propensity,13,event,0.019416038140921552,0.85,20
202,tabpfn,propensity,13,disrupted,0.015549083607815359,0.625,32
202,tabpfn,propensity,13,normal,0.015524570395868494,0.8382352941176471,136
202,tabpfn,arrivals,0,all,1.3836224331755245,0.7722222222222223,180
202,tabpfn,arrivals,0,event,1.3917806153979815,0.85,20
202,tabpfn,arrivals,0,disrupted,1.0636564438589537,0.8695652173913043,23
202,tabpfn,arrivals,0,normal,1.441039245053931,0.7482517482517482,143
202,tabpfn,arrivals,1,all,1.4060494857906738,0.7666666666666667,180
202,tabpfn,arrivals,1,event,1.4643168892037033,0.8,20
202,tabpfn,arrivals,1,disrupted,1.0558959421871001,0.8695652173913043,23
202,tabpfn,arrivals,1,normal,1.4612194101961724,0.7482517482517482,143
202,tabpfn,arrivals,2,all,1.398085254343368,0.7666666666666667,180
202,tabpfn,arrivals,2,event,1.4376957212838526,0.8421052631578947,19
202,tabpfn,arrivals,2,disrupted,1.0326402167258244,0.8695652173913043,23
202,tabpfn,arrivals,2,normal,1.457230082755267,0.7430555555555556,144
202,tabpfn,arrivals,3,all,1.3940580716526407,0.7666666666666667,180
202,tabpfn,arrivals,3,event,1.38588108425883,0.8421052631578947,19
202,tabpfn,arrivals,3,disrupted,1.0648658670156088,0.8695652173913043,23
202,tabpfn,arrivals,3,normal,1.4526360933747333,0.7430555555555556,144
202,tabpfn,arrivals,4,all,1.3792773351619805,0.7722222222222223,180
202,tabpfn,arrivals,4,event,1.4184870083632195,0.8421052631578947,19
202,tabpfn,arrivals,4,disrupted,1.1009079791241263,0.8695652173913043,23
202,tabpfn,arrivals,4,normal,1.427659275909094,0.75,144
202,tabpfn,arrivals,5,all,1.3784048547379675,0.7722222222222223,180
202,tabpfn,arrivals,5,event,1.4391601578736533,0.8421052631578947,19
202,tabpfn,arrivals,5,disrupted,1.0999269933642026,0.875,24
202,tabpfn,arrivals,5,normal,1.42590723425112,0.7482517482517482,143
202,tabpfn,arrivals,6,all,1.3781969342255895,0.7666666666666667,180
202,tabpfn,arrivals,6,event,1.4101195702978413,0.8421052631578947,19
202,tabpfn,arrivals,6,disrupted,1.0988797187838977,0.88,25
202,tabpfn,arrivals,6,normal,1.4276998400754732,0.7394366197183099,142
202,tabpfn,arrivals,7,all,1.3560760193062737,0.7833333333333333,180
202,tabpfn,arrivals,7,event,1.420693509571073,0.8421052631578947,19
202,tabpfn,arrivals,7,disrupted,1.0791124738479414,0.8846153846153846,26
202,tabpfn,arrivals,7,normal,1.4041473440307186,0.7588652482269503,141
202,tabpfn,arrivals,8,all,1.3488505068204415,0.8055555555555556,180
202,tabpfn,arrivals,8,event,1.4371805307663343,0.8421052631578947,19
202,tabpfn,arrivals,8,disrupted,1.1008259197523975,0.8888888888888888,27
202,tabpfn,arrivals,8,normal,1.3908165342655276,0.7857142857142857,140
202,tabpfn,arrivals,9,all,1.3318339225236715,0.8,180
202,tabpfn,arrivals,9,event,1.4273375075665502,0.8421052631578947,19
202,tabpfn,arrivals,9,disrupted,1.0635702459003993,0.8928571428571429,28
202,tabpfn,arrivals,9,normal,1.3814885415615754,0.7769784172661871,139
202,tabpfn,arrivals,10,all,1.3607363685555425,0.7777777777777778,180
202,tabpfn,arrivals,10,event,1.5425915554982357,0.75,20
202,tabpfn,arrivals,10,disrupted,1.1670379458390978,0.7931034482758621,29
202,tabpfn,arrivals,10,normal,1.3969083140196608,0.7753623188405797,138
202,tabpfn,arrivals,11,all,1.3871645839934965,0.7777777777777778,180
202,tabpfn,arrivals,11,event,1.4983937049303488,0.7368421052631579,19
202,tabpfn,arrivals,11,disrupted,1.2605703225417848,0.7666666666666667,30
202,tabpfn,arrivals,11,normal,1.413361853359957,0.782608695652174,138
202,tabpfn,arrivals,12,all,1.370762250693627,0.7555555555555555,180
202,tabpfn,arrivals,12,event,1.5046546884556469,0.7368421052631579,19
202,tabpfn,arrivals,12,disrupted,1.2439602283704214,0.7741935483870968,31
202,tabpfn,arrivals,12,normal,1.3971247398649211,0.7518248175182481,137
202,tabpfn,arrivals,13,all,1.3374453219618545,0.7722222222222223,180
202,tabpfn,arrivals,13,event,1.4616787937122946,0.75,20
202,tabpfn,arrivals,13,disrupted,1.141578846670689,0.78125,32
202,tabpfn,arrivals,13,normal,1.3787079845671903,0.7720588235294118,136
202,tabpfn,price_fast,1,all,0.2799966882599473,0.8,180
202,tabpfn,price_fast,1,event,0.3108246301940127,0.7,20
202,tabpfn,price_fast,1,disrupted,0.41159900228264706,0.5217391304347826,23
202,tabpfn,price_fast,1,normal,0.25662953802279165,0.8531468531468531,143
202,tabpfn,price_fast,2,all,0.3071671757268232,0.8055555555555556,180
202,tabpfn,price_fast,2,event,0.3809507160469412,0.6842105263157895,19
202,tabpfn,price_fast,2,disrupted,0.4662960569987784,0.6086956521739131,23
202,tabpfn,price_fast,2,normal,0.27458387801882594,0.8472222222222222,144
202,tabpfn,price_fast,3,all,0.3348797943215384,0.7777777777777778,180
202,tabpfn,price_fast,3,event,0.4117126091465321,0.631578947368421,19
202,tabpfn,price_fast,3,disrupted,0.5186220704663493,0.5217391304347826,23
202,tabpfn,price_fast,3,normal,0.2992736912887394,0.8263888888888888,144
202,tabpfn,price_fast,4,all,0.359975695378817,0.7777777777777778,180
202,tabpfn,price_fast,4,event,0.44715815480970744,0.6842105263157895,19
202,tabpfn,price_fast,4,disrupted,0.5234427570330872,0.6086956521739131,23
202,tabpfn,price_fast,4,normal,0.32867113066010384,0.8055555555555556,144
202,tabpfn,price_fast,5,all,0.3802053657280924,0.7666666666666667,180
202,tabpfn,price_fast,5,event,0.46248887783493037,0.631578947368421,19
202,tabpfn,price_fast,5,disrupted,0.5376315662943525,0.5833333333333334,24
202,tabpfn,price_fast,5,normal,0.3487948350106268,0.8041958041958042,143
202,tabpfn,price_fast,6,all,0.40037974470283844,0.7777777777777778,180
202,tabpfn,price_fast,6,event,0.4355094411037257,0.6842105263157895,19
202,tabpfn,price_fast,6,disrupted,0.5423630994604816,0.6,25
202,tabpfn,price_fast,6,normal,0.37103337240981976,0.8169014084507042,142
202,tabpfn,price_fast,7,all,0.4171558065529228,0.7611111111111111,180
202,tabpfn,price_fast,7,event,0.42607656692559487,0.7368421052631579,19
202,tabpfn,price_fast,7,disrupted,0.5660448185927216,0.5769230769230769,26
202,tabpfn,price_fast,7,normal,0.3887939598300083,0.8014184397163121,141
202,tabpfn,price_fast,8,all,0.4325439532797694,0.7777777777777778,180
202,tabpfn,price_fast,8,event,0.5128556147604394,0.7894736842105263,19
202,tabpfn,price_fast,8,disrupted,0.5937869237563699,0.5555555555555556,27
202,tabpfn,price_fast,8,normal,0.39111796815529803,0.8214285714285714,140
202,tabpfn,price_fast,9,all,0.43440684946741737,0.7722222222222223,180
202,tabpfn,price_fast,9,event,0.5272618292878739,0.7368421052631579,19
202,tabpfn,price_fast,9,disrupted,0.5693195546741927,0.5714285714285714,28
202,tabpfn,price_fast,9,normal,0.3963454707110618,0.8201438848920863,139
202,tabpfn,price_fast,10,all,0.43650463509428555,0.7666666666666667,180
202,tabpfn,price_fast,10,event,0.49161823254292863,0.7,20
202,tabpfn,price_fast,10,disrupted,0.5246073359160732,0.5862068965517241,29
202,tabpfn,price_fast,10,normal,0.40910695185758655,0.8115942028985508,138
202,tabpfn,price_fast,11,all,0.4354990558695159,0.7833333333333333,180
202,tabpfn,price_fast,11,event,0.5205245045790926,0.7368421052631579,19
202,tabpfn,price_fast,11,disrupted,0.5094258952010455,0.6333333333333333,30
202,tabpfn,price_fast,11,normal,0.4112244905011959,0.8188405797101449,138
202,tabpfn,price_fast,12,all,0.42720501297204283,0.7722222222222223,180
202,tabpfn,price_fast,12,event,0.5097561143700874,0.631578947368421,19
202,tabpfn,price_fast,12,disrupted,0.47505918031431515,0.6129032258064516,31
202,tabpfn,price_fast,12,normal,0.40860998846235236,0.8175182481751825,137
202,tabpfn,price_fast,13,all,0.4259191160925862,0.7944444444444444,180
202,tabpfn,price_fast,13,event,0.42962103299917676,0.7,20
202,tabpfn,price_fast,13,disrupted,0.4454756910143256,0.6875,32
202,tabpfn,price_fast,13,normal,0.41806076494242683,0.8308823529411765,136
202,tabpfn,price_slow,1,all,0.18335772034303943,0.7555555555555555,180
202,tabpfn,price_slow,1,event,0.19387295860514525,0.65,20
202,tabpfn,price_slow,1,disrupted,0.18836188737150483,0.5217391304347826,23
202,tabpfn,price_slow,1,normal,0.18302309372207867,0.7902097902097902,143
202,tabpfn,price_slow,2,all,0.2027056648795347,0.75,180
202,tabpfn,price_slow,2,event,0.22191538828346735,0.6842105263157895,19
202,tabpfn,price_slow,2,disrupted,0.19357314598511904,0.6521739130434783,23
202,tabpfn,price_slow,2,normal,0.2019990672500628,0.7708333333333334,144
202,tabpfn,price_slow,3,all,0.21645083958935227,0.7555555555555555,180
202,tabpfn,price_slow,3,event,0.24176726557552902,0.6842105263157895,19
202,tabpfn,price_slow,3,disrupted,0.20444618573834483,0.6521739130434783,23
202,tabpfn,price_slow,3,normal,0.21461100762825397,0.7777777777777778,144
202,tabpfn,price_slow,4,all,0.22498740286321914,0.7555555555555555,180
202,tabpfn,price_slow,4,event,0.24813872831810926,0.6842105263157895,19
202,tabpfn,price_slow,4,disrupted,0.20997183400290761,0.6956521739130435,23
202,tabpfn,price_slow,4,normal,0.2239852608017508,0.7708333333333334,144
202,tabpfn,price_slow,5,all,0.23064836841815262,0.7666666666666667,180
202,tabpfn,price_slow,5,event,0.24464362838342468,0.7368421052631579,19
202,tabpfn,price_slow,5,disrupted,0.21131682756525108,0.75,24
202,tabpfn,price_slow,5,normal,0.23112728385073822,0.7762237762237763,143
202,tabpfn,price_slow,6,all,0.2379158803966963,0.7277777777777777,180
202,tabpfn,price_slow,6,event,0.24308573545497464,0.7368421052631579,19
202,tabpfn,price_slow,6,disrupted,0.212842970104697,0.72,25
202,tabpfn,price_slow,6,normal,0.24027427298204565,0.7323943661971831,142
202,tabpfn,price_slow,7,all,0.24390458068598228,0.7388888888888889,180
202,tabpfn,price_slow,7,event,0.2440230209991137,0.7894736842105263,19
202,tabpfn,price_slow,7,disrupted,0.21897144346370007,0.8076923076923077,26
202,tabpfn,price_slow,7,normal,0.2477939459842234,0.7304964539007093,141
202,tabpfn,price_slow,8,all,0.24417864552431123,0.7333333333333333,180
202,tabpfn,price_slow,8,event,0.2554134213716233,0.7368421052631579,19
202,tabpfn,price_slow,8,disrupted,0.22242328830938568,0.7407407407407407,27
202,tabpfn,price_slow,8,normal,0.24547269048598258,0.7428571428571429,140
202,tabpfn,price_slow,9,all,0.2444717039709479,0.7611111111111111,180
202,tabpfn,price_slow,9,event,0.2564123159943179,0.7894736842105263,19
202,tabpfn,price_slow,9,disrupted,0.22785216177476014,0.7142857142857143,28
202,tabpfn,price_slow,9,normal,0.24470977829279933,0.7769784172661871,139
202,tabpfn,price_slow,10,all,0.23968984970264864,0.75,180
202,tabpfn,price_slow,10,event,0.24912715619805095,0.75,20
202,tabpfn,price_slow,10,disrupted,0.21198951610830363,0.7586206896551724,29
202,tabpfn,price_slow,10,normal,0.2420181375673956,0.7608695652173914,138
202,tabpfn,price_slow,11,all,0.2392604742214265,0.7333333333333333,180
202,tabpfn,price_slow,11,event,0.21123999078547814,0.7894736842105263,19
202,tabpfn,price_slow,11,disrupted,0.20541035265995042,0.8,30
202,tabpfn,price_slow,11,normal,0.2478586020102602,0.7246376811594203,138
202,tabpfn,price_slow,12,all,0.2374998591799513,0.7444444444444445,180
202,tabpfn,price_slow,12,event,0.2045770654900899,0.7894736842105263,19
202,tabpfn,price_slow,12,disrupted,0.20279599927782357,0.8064516129032258,31
202,tabpfn,price_slow,12,normal,0.24703828818276505,0.7372262773722628,137
202,tabpfn,price_slow,13,all,0.2321111638503917,0.75,180
202,tabpfn,price_slow,13,event,0.1918895145320328,0.75,20
202,tabpfn,price_slow,13,disrupted,0.18153615323060135,0.8125,32
202,tabpfn,price_slow,13,normal,0.2451577518815949,0.7426470588235294,136
202,tabpfn,cap_fast,1,all,2.6397504784241463,0.8666666666666667,180
202,tabpfn,cap_fast,1,event,2.305622568962911,0.9,20
202,tabpfn,cap_fast,1,disrupted,2.3439301742472307,0.9130434782608695,23
202,tabpfn,cap_fast,1,normal,2.7148758551709244,0.8531468531468531,143
202,tabpfn,cap_fast,2,all,2.9086053821585973,0.8888888888888888,180
202,tabpfn,cap_fast,2,event,2.272192123465382,0.8947368421052632,19
202,tabpfn,cap_fast,2,disrupted,2.437357605515353,0.9130434782608695,23
202,tabpfn,cap_fast,2,normal,3.0387998609091107,0.8819444444444444,144
202,tabpfn,cap_fast,3,all,3.154237123466751,0.85,180
202,tabpfn,cap_fast,3,event,2.882498810813818,0.8421052631578947,19
202,tabpfn,cap_fast,3,disrupted,2.789381254695601,0.9130434782608695,23
202,tabpfn,cap_fast,3,normal,3.2101121720315327,0.8402777777777778,144
202,tabpfn,cap_fast,4,all,3.44249473476938,0.8388888888888889,180
202,tabpfn,cap_fast,4,event,3.1692860455179575,0.8421052631578947,19
202,tabpfn,cap_fast,4,disrupted,3.242668711743993,0.8695652173913043,23
202,tabpfn,cap_fast,4,normal,3.4910293153786784,0.8333333333333334,144
202,tabpfn,cap_fast,5,all,3.7023619364236318,0.8388888888888889,180
202,tabpfn,cap_fast,5,event,3.1542734048158603,0.8947368421052632,19
202,tabpfn,cap_fast,5,disrupted,3.2754123067318504,0.9583333333333334,24
202,tabpfn,cap_fast,5,normal,3.8046033618754276,0.8181818181818182,143
202,tabpfn,cap_fast,6,all,4.051488283530663,0.8444444444444444,180
202,tabpfn,cap_fast,6,event,3.774213777347872,0.8947368421052632,19
202,tabpfn,cap_fast,6,disrupted,4.361349879498752,0.92,25
202,tabpfn,cap_fast,6,normal,3.9902215431372534,0.8309859154929577,142
202,tabpfn,cap_fast,7,all,4.364654420782871,0.8277777777777777,180
202,tabpfn,cap_fast,7,event,4.684208872995018,0.8421052631578947,19
202,tabpfn,cap_fast,7,disrupted,4.9424968485077665,0.8846153846153846,26
202,tabpfn,cap_fast,7,normal,4.263871717450792,0.8156028368794326,141
202,tabpfn,cap_fast,8,all,4.653117415396773,0.8444444444444444,180
202,tabpfn,cap_fast,8,event,5.46935623031624,0.8947368421052632,19
202,tabpfn,cap_fast,8,disrupted,5.147060039863016,0.9629629629629629,27
202,tabpfn,cap_fast,8,normal,4.478342532161313,0.8214285714285714,140
202,tabpfn,cap_fast,9,all,5.139390180863602,0.8277777777777777,180
202,tabpfn,cap_fast,9,event,6.282861302658962,0.8947368421052632,19
202,tabpfn,cap_fast,9,disrupted,5.806944044737656,0.9642857142857143,28
202,tabpfn,cap_fast,9,normal,4.940840210824434,0.7985611510791367,139
202,tabpfn,cap_fast,10,all,5.521623407577081,0.8444444444444444,180
202,tabpfn,cap_fast,10,event,6.398189565382844,0.85,20
202,tabpfn,cap_fast,10,disrupted,5.792677549283876,0.896551724137931,29
202,tabpfn,cap_fast,10,normal,5.3982935914354,0.8333333333333334,138
202,tabpfn,cap_fast,11,all,5.856987929337113,0.8166666666666667,180
202,tabpfn,cap_fast,11,event,6.328179288866241,0.8947368421052632,19
202,tabpfn,cap_fast,11,disrupted,5.589144396413292,0.9,30
202,tabpfn,cap_fast,11,normal,5.925701510889415,0.7898550724637681,138
202,tabpfn,cap_fast,12,all,6.236207713073284,0.8111111111111111,180
202,tabpfn,cap_fast,12,event,5.802122898806618,0.8947368421052632,19
202,tabpfn,cap_fast,12,disrupted,5.481774054337005,0.8709677419354839,31
202,tabpfn,cap_fast,12,normal,6.461800242426283,0.7883211678832117,137
202,tabpfn,cap_fast,13,all,6.7566620151763095,0.8222222222222222,180
202,tabpfn,cap_fast,13,event,7.538327389856218,0.85,20
202,tabpfn,cap_fast,13,disrupted,5.323848766478067,0.875,32
202,tabpfn,cap_fast,13,normal,6.995603127057591,0.8088235294117647,136
202,tabpfn,cap_slow,1,all,21.25355207182513,0.7833333333333333,180
202,tabpfn,cap_slow,1,event,22.088990144892666,0.8,20
202,tabpfn,cap_slow,1,disrupted,25.4427742411513,0.6521739130434783,23
202,tabpfn,cap_slow,1,normal,20.313886352345982,0.7972027972027972,143
202,tabpfn,cap_slow,2,all,23.676826694371773,0.8,180
202,tabpfn,cap_slow,2,event,26.48535163980093,0.7894736842105263,19
202,tabpfn,cap_slow,2,disrupted,31.64126480640534,0.5217391304347826,23
202,tabpfn,cap_slow,2,normal,21.960304679371106,0.8402777777777778,144
202,tabpfn,cap_slow,3,all,26.238672719260077,0.8,180
202,tabpfn,cap_slow,3,event,32.56513075117094,0.7368421052631579,19
202,tabpfn,cap_slow,3,disrupted,39.10866722365349,0.4782608695652174,23
202,tabpfn,cap_slow,3,normal,23.858957680295575,0.8541666666666666,144
202,tabpfn,cap_slow,4,all,29.20296367719831,0.7944444444444444,180
202,tabpfn,cap_slow,4,event,37.409652926206924,0.6842105263157895,19
202,tabpfn,cap_slow,4,disrupted,46.55822006874607,0.391304347826087,23
202,tabpfn,cap_slow,4,normal,26.33102995403862,0.8541666666666666,144
202,tabpfn,cap_slow,5,all,31.795369804756188,0.7722222222222223,180
202,tabpfn,cap_slow,5,event,37.62193962439771,0.6842105263157895,19
202,tabpfn,cap_slow,5,disrupted,54.05600932701159,0.2916666666666667,24
202,tabpfn,cap_slow,5,normal,28.43208967164048,0.8461538461538461,143
202,tabpfn,cap_slow,6,all,34.59757200140784,0.7555555555555555,180
202,tabpfn,cap_slow,6,event,37.827774665644625,0.6842105263157895,19
202,tabpfn,cap_slow,6,disrupted,62.154407505383816,0.32,25
202,tabpfn,cap_slow,6,normal,30.228975620872315,0.823943661971831,142
202,tabpfn,cap_slow,7,all,36.78072421975042,0.7444444444444445,180
202,tabpfn,cap_slow,7,event,34.91389617799749,0.6842105263157895,19
202,tabpfn,cap_slow,7,disrupted,65.13000652813606,0.3076923076923077,26
202,tabpfn,cap_slow,7,normal,32.33641232213753,0.8156028368794326,141
202,tabpfn,cap_slow,8,all,39.278025460237934,0.7444444444444445,180
202,tabpfn,cap_slow,8,event,41.08886697764029,0.631578947368421,19
202,tabpfn,cap_slow,8,disrupted,68.28055569411343,0.37037037037037035,27
202,tabpfn,cap_slow,8,normal,34.103884864327966,0.8142857142857143,140
202,tabpfn,cap_slow,9,all,40.98648598626891,0.7333333333333333,180
202,tabpfn,cap_slow,9,event,41.239108026352774,0.6842105263157895,19
202,tabpfn,cap_slow,9,disrupted,68.73612241652322,0.35714285714285715,28
202,tabpfn,cap_slow,9,normal,36.05044499498462,0.7985611510791367,139
202,tabpfn,cap_slow,10,all,42.25878495813334,0.7333333333333333,180
202,tabpfn,cap_slow,10,event,47.5380731260845,0.6,20
202,tabpfn,cap_slow,10,disrupted,70.9292576608509,0.27586206896551724,29
202,tabpfn,cap_slow,10,normal,36.81310139974802,0.8188405797101449,138
202,tabpfn,cap_slow,11,all,43.21046998739518,0.7111111111111111,180
202,tabpfn,cap_slow,11,event,47.314870874298535,0.5789473684210527,19
202,tabpfn,cap_slow,11,disrupted,72.4798953151889,0.23333333333333334,30
202,tabpfn,cap_slow,11,normal,37.386342765805395,0.8043478260869565,138
202,tabpfn,cap_slow,12,all,43.1269989821449,0.7111111111111111,180
202,tabpfn,cap_slow,12,event,47.434995691193066,0.631578947368421,19
202,tabpfn,cap_slow,12,disrupted,71.031089293183,0.25806451612903225,31
202,tabpfn,cap_slow,12,normal,37.217153579020035,0.8029197080291971,137
202,tabpfn,cap_slow,13,all,43.5257141674393,0.7111111111111111,180
202,tabpfn,cap_slow,13,event,51.406925425445365,0.55,20
202,tabpfn,cap_slow,13,disrupted,70.50759381025148,0.3125,32
202,tabpfn,cap_slow,13,normal,37.56599998282404,0.8014705882352942,136
203,ridge,propensity,0,all,0.018935775682400877,0.7555555555555555,180
203,ridge,propensity,0,event,0.029003833557716543,0.5555555555555556,9
203,ridge,propensity,0,disrupted,0.022057204513871633,0.8055555555555556,36
203,ridge,propensity,0,normal,0.017432190802320967,0.7555555555555555,135
203,ridge,propensity,1,all,0.019344799036875374,0.7777777777777778,180
203,ridge,propensity,1,event,0.027651137479987223,0.5555555555555556,9
203,ridge,propensity,1,disrupted,0.022371204848940524,0.8857142857142857,35
203,ridge,propensity,1,normal,0.018016260438270322,0.7647058823529411,136
203,ridge,propensity,2,all,0.019664465521432743,0.7777777777777778,180
203,ridge,propensity,2,event,0.02768577353867513,0.5555555555555556,9
203,ridge,propensity,2,disrupted,0.02226165151813743,0.9117647058823529,34
203,ridge,propensity,2,normal,0.018492961170752883,0.7591240875912408,137
203,ridge,propensity,3,all,0.0202623709779934,0.7611111111111111,180
203,ridge,propensity,3,event,0.028899332267896895,0.6666666666666666,9
203,ridge,propensity,3,disrupted,0.022412593358181066,0.8484848484848485,33
203,ridge,propensity,3,normal,0.01918490728121569,0.7463768115942029,138
203,ridge,propensity,4,all,0.020428972308452333,0.75,180
203,ridge,propensity,4,event,0.027768935795237305,0.5555555555555556,9
203,ridge,propensity,4,disrupted,0.02192762492228553,0.78125,32
203,ridge,propensity,4,normal,0.019608709322670125,0.7553956834532374,139
203,ridge,propensity,5,all,0.02065829108546299,0.7444444444444445,180
203,ridge,propensity,5,event,0.028693243633016396,0.5555555555555556,9
203,ridge,propensity,5,disrupted,0.02198725883596089,0.8064516129032258,31
203,ridge,propensity,5,normal,0.019847486991224312,0.7428571428571429,140
203,ridge,propensity,6,all,0.02092935013803545,0.75,180
203,ridge,propensity,6,event,0.02918131832483031,0.5555555555555556,9
203,ridge,propensity,6,disrupted,0.0215252666373545,0.8064516129032258,31
203,ridge,propensity,6,normal,0.020266913529749426,0.75,140
203,ridge,propensity,7,all,0.021127647432379652,0.7444444444444445,180
203,ridge,propensity,7,event,0.030476018266737428,0.4444444444444444,9
203,ridge,propensity,7,disrupted,0.020916994868139874,0.8666666666666667,30
203,ridge,propensity,7,normal,0.02057576260555677,0.7375886524822695,141
203,ridge,propensity,8,all,0.021538048847096588,0.7722222222222223,180
203,ridge,propensity,8,event,0.031799667216947235,0.6,10
203,ridge,propensity,8,disrupted,0.020506984624752332,0.8620689655172413,29
203,ridge,propensity,8,normal,0.021022337348865928,0.7659574468085106,141
203,ridge,propensity,9,all,0.021362125094733356,0.7777777777777778,180
203,ridge,propensity,9,event,0.03128427290327233,0.5,10
203,ridge,propensity,9,disrupted,0.020000480069921,0.8928571428571429,28
203,ridge,propensity,9,normal,0.020931875676489388,0.7746478873239436,142
203,ridge,propensity,10,all,0.021329908071308475,0.7611111111111111,180
203,ridge,propensity,10,event,0.03351300594286281,0.4,10
203,ridge,propensity,10,disrupted,0.018444824053413852,0.8888888888888888,27
203,ridge,propensity,10,normal,0.021022679328424644,0.7622377622377622,143
203,ridge,propensity,11,all,0.021306896548517487,0.7388888888888889,180
203,ridge,propensity,11,event,0.03485212172661441,0.4,10
203,ridge,propensity,11,disrupted,0.017645431411431822,0.8846153846153846,26
203,ridge,propensity,11,normal,0.021027353783123443,0.7361111111111112,144
203,ridge,propensity,12,all,0.02116417881920896,0.7555555555555555,180
203,ridge,propensity,12,event,0.037161814236909264,0.4,10
203,ridge,propensity,12,disrupted,0.016687025749906877,0.96,25
203,ridge,propensity,12,normal,0.020832816560971367,0.7448275862068966,145
203,ridge,propensity,13,all,0.021402627737875907,0.75,180
203,ridge,propensity,13,event,0.03607156006198568,0.36363636363636365,11
203,ridge,propensity,13,disrupted,0.015724636856451996,0.9583333333333334,24
203,ridge,propensity,13,normal,0.021229617569523948,0.7448275862068966,145
203,ridge,arrivals,0,all,1.4115610095613311,0.7444444444444445,180
203,ridge,arrivals,0,event,1.9125753099714922,0.5555555555555556,9
203,ridge,arrivals,0,disrupted,1.3859677144565716,0.7777777777777778,36
203,ridge,arrivals,0,normal,1.3849849348952565,0.7481481481481481,135
203,ridge,arrivals,1,all,1.421611490499562,0.7388888888888889,180
203,ridge,arrivals,1,event,1.8621812174242198,0.5555555555555556,9
203,ridge,arrivals,1,disrupted,1.401533185139032,0.7714285714285715,35
203,ridge,arrivals,1,normal,1.3976233518620371,0.7426470588235294,136
203,ridge,arrivals,2,all,1.4277600843061489,0.7333333333333333,180
203,ridge,arrivals,2,event,1.7075531434648272,0.6666666666666666,9
203,ridge,arrivals,2,disrupted,1.4584543916349302,0.7352941176470589,34
203,ridge,arrivals,2,normal,1.4017619530535455,0.7372262773722628,137
203,ridge,arrivals,3,all,1.4066316070900813,0.7444444444444445,180
203,ridge,arrivals,3,event,1.7581261318193593,0.5555555555555556,9
203,ridge,arrivals,3,disrupted,1.3824771159191862,0.7878787878787878,33
203,ridge,arrivals,3,normal,1.3894841251051255,0.7463768115942029,138
203,ridge,arrivals,4,all,1.4165943447422011,0.7611111111111111,180
203,ridge,arrivals,4,event,1.8159078319046662,0.6666666666666666,9
203,ridge,arrivals,4,disrupted,1.3660108794194088,0.8125,32
203,ridge,arrivals,4,normal,1.402384628957073,0.7553956834532374,139
203,ridge,arrivals,5,all,1.4160050562535265,0.7555555555555555,180
203,ridge,arrivals,5,event,1.7009282060159014,0.6666666666666666,9
203,ridge,arrivals,5,disrupted,1.3755550317894778,0.7741935483870968,31
203,ridge,arrivals,5,normal,1.4066453591858417,0.7571428571428571,140
203,ridge,arrivals,6,all,1.4053095279899137,0.7555555555555555,180
203,ridge,arrivals,6,event,1.7399248963241816,0.6666666666666666,9
203,ridge,arrivals,6,disrupted,1.3922644648664697,0.7741935483870968,31
203,ridge,arrivals,6,normal,1.3866870897171875,0.7571428571428571,140
203,ridge,arrivals,7,all,1.4342850008497148,0.7666666666666667,180
203,ridge,arrivals,7,event,1.8091402306648305,0.6666666666666666,9
203,ridge,arrivals,7,disrupted,1.3994747816802149,0.8333333333333334,30
203,ridge,arrivals,7,normal,1.4177645008975803,0.7588652482269503,141
203,ridge,arrivals,8,all,1.3969473088815585,0.7722222222222223,180
203,ridge,arrivals,8,event,1.6420994806335218,0.7,10
203,ridge,arrivals,8,disrupted,1.370808996664259,0.7586206896551724,29
203,ridge,arrivals,8,normal,1.384936594958027,0.7801418439716312,141
203,ridge,arrivals,9,all,1.3930396992240683,0.7722222222222223,180
203,ridge,arrivals,9,event,1.6903606453492455,0.7,10
203,ridge,arrivals,9,disrupted,1.3173783621206923,0.8214285714285714,28
203,ridge,arrivals,9,normal,1.387020741320144,0.7676056338028169,142
203,ridge,arrivals,10,all,1.3814871418305499,0.7666666666666667,180
203,ridge,arrivals,10,event,1.6053592839744166,0.7,10
203,ridge,arrivals,10,disrupted,1.2455878420306463,0.8148148148148148,27
203,ridge,arrivals,10,normal,1.3914910556288627,0.7622377622377622,143
203,ridge,arrivals,11,all,1.3837264552176596,0.8,180
203,ridge,arrivals,11,event,1.6995371212611559,0.7,10
203,ridge,arrivals,11,disrupted,1.271416277434714,0.8076923076923077,26
203,ridge,arrivals,11,normal,1.382073385508782,0.8055555555555556,144
203,ridge,arrivals,12,all,1.3938321895198116,0.7944444444444444,180
203,ridge,arrivals,12,event,1.6936019714460167,0.7,10
203,ridge,arrivals,12,disrupted,1.2982347978850146,0.84,25
203,ridge,arrivals,12,normal,1.3896407203584866,0.7931034482758621,145
203,ridge,arrivals,13,all,1.407727226591941,0.7944444444444444,180
203,ridge,arrivals,13,event,1.6515418237435417,0.7272727272727273,11
203,ridge,arrivals,13,disrupted,1.2379282428983984,0.8333333333333334,24
203,ridge,arrivals,13,normal,1.417335606177992,0.7931034482758621,145
203,ridge,price_fast,1,all,0.2405945499158388,0.8555555555555555,180
203,ridge,price_fast,1,event,0.19309142191133993,0.7777777777777778,9
203,ridge,price_fast,1,disrupted,0.33043302645898637,0.9142857142857143,35
203,ridge,price_fast,1,normal,0.2206179430998853,0.8455882352941176,136
203,ridge,price_fast,2,all,0.25725305951983823,0.8388888888888889,180
203,ridge,price_fast,2,event,0.21587119847259661,0.7777777777777778,9
203,ridge,price_fast,2,disrupted,0.35134009010743017,0.9411764705882353,34
203,ridge,price_fast,2,normal,0.23662150995375833,0.8175182481751825,137
203,ridge,price_fast,3,all,0.2710840692792774,0.8444444444444444,180
203,ridge,price_fast,3,event,0.21500489204573459,0.7777777777777778,9
203,ridge,price_fast,3,disrupted,0.36636466136840773,0.9393939393939394,33
203,ridge,price_fast,3,normal,0.2519569175123252,0.8260869565217391,138
203,ridge,price_fast,4,all,0.28290363952401953,0.8388888888888889,180
203,ridge,price_fast,4,event,0.22936738272035515,0.7777777777777778,9
203,ridge,price_fast,4,disrupted,0.37983507727396304,0.9375,32
203,ridge,price_fast,4,normal,0.2640548647271475,0.8201438848920863,139
203,ridge,price_fast,5,all,0.3000813759680328,0.8277777777777777,180
203,ridge,price_fast,5,event,0.2639773230964713,0.7777777777777778,9
203,ridge,price_fast,5,disrupted,0.3972401906989652,0.967741935483871,31
203,ridge,price_fast,5,normal,0.2808886132479267,0.8,140
203,ridge,price_fast,6,all,0.3180295221642932,0.8333333333333334,180
203,ridge,price_fast,6,event,0.2627147264114206,0.7777777777777778,9
203,ridge,price_fast,6,disrupted,0.41482619402235366,1.0,31
203,ridge,price_fast,6,normal,0.3001519245512645,0.8,140
203,ridge,price_fast,7,all,0.33030672874065115,0.8,180
203,ridge,price_fast,7,event,0.23506639430369644,0.7777777777777778,9
203,ridge,price_fast,7,disrupted,0.427174225212208,0.9666666666666667,30
203,ridge,price_fast,7,normal,0.3157757933916149,0.7659574468085106,141
203,ridge,price_fast,8,all,0.3438987153369071,0.8055555555555556,180
203,ridge,price_fast,8,event,0.25297467855653644,0.8,10
203,ridge,price_fast,8,disrupted,0.4349732165856625,1.0,29
203,ridge,price_fast,8,normal,0.3316155935751327,0.7659574468085106,141
203,ridge,price_fast,9,all,0.359306802894046,0.7833333333333333,180
203,ridge,price_fast,9,event,0.273818710504246,0.8,10
203,ridge,price_fast,9,disrupted,0.4383977288967103,1.0,28
203,ridge,price_fast,9,normal,0.34973169723083053,0.7394366197183099,142
203,ridge,price_fast,10,all,0.3714082683754847,0.7722222222222223,180
203,ridge,price_fast,10,event,0.33556224223883097,0.8,10
203,ridge,price_fast,10,disrupted,0.454377686712271,1.0,27
203,ridge,price_fast,10,normal,0.3582494289787945,0.7272727272727273,143
203,ridge,price_fast,11,all,0.3793596587066547,0.7944444444444444,180
203,ridge,price_fast,11,event,0.3401169718471432,0.8,10
203,ridge,price_fast,11,disrupted,0.4507882498548395,1.0,26
203,ridge,price_fast,11,normal,0.3691880163368096,0.7569444444444444,144
203,ridge,price_fast,12,all,0.39120779526017124,0.7444444444444445,180
203,ridge,price_fast,12,event,0.37260599069512557,0.8,10
203,ridge,price_fast,12,disrupted,0.45915816785811514,0.96,25
203,ridge,price_fast,12,normal,0.3807750968512186,0.7034482758620689,145
203,ridge,price_fast,13,all,0.3996413767377218,0.7388888888888889,180
203,ridge,price_fast,13,event,0.3855578437612928,0.8181818181818182,11
203,ridge,price_fast,13,disrupted,0.4397277968556646,1.0,24
203,ridge,price_fast,13,normal,0.3940747890129639,0.6896551724137931,145
203,ridge,price_slow,1,all,0.22998235787326024,0.6666666666666666,180
203,ridge,price_slow,1,event,0.2382407555737554,0.6666666666666666,9
203,ridge,price_slow,1,disrupted,0.11982541199779363,1.0,35
203,ridge,price_slow,1,normal,0.2577850602727961,0.5808823529411765,136
203,ridge,price_slow,2,all,0.23221608435326682,0.6722222222222223,180
203,ridge,price_slow,2,event,0.24720379502765097,0.5555555555555556,9
203,ridge,price_slow,2,disrupted,0.11657710355145809,1.0,34
203,ridge,price_slow,2,normal,0.2599302153838656,0.5985401459854015,137
203,ridge,price_slow,3,all,0.23231182402723458,0.6833333333333333,180
203,ridge,price_slow,3,event,0.23819334967339006,0.6666666666666666,9
203,ridge,price_slow,3,disrupted,0.11748822307250655,1.0,33
203,ridge,price_slow,3,normal,0.2593860638873116,0.6086956521739131,138
203,ridge,price_slow,4,all,0.23311273291660903,0.7055555555555556,180
203,ridge,price_slow,4,event,0.22883570144371332,0.6666666666666666,9
203,ridge,price_slow,4,disrupted,0.11854016452534746,1.0,32
203,ridge,price_slow,4,normal,0.2597660816344251,0.6402877697841727,139
203,ridge,price_slow,5,all,0.2352063109989615,0.7166666666666667,180
203,ridge,price_slow,5,event,0.24625323494270368,0.6666666666666666,9
203,ridge,price_slow,5,disrupted,0.12620196965480526,1.0,31
203,ridge,price_slow,5,normal,0.258632827185927,0.6571428571428571,140
203,ridge,price_slow,6,all,0.2297160640466597,0.7055555555555556,180
203,ridge,price_slow,6,event,0.24600471694332832,0.6666666666666666,9
203,ridge,price_slow,6,disrupted,0.11687169988810822,1.0,31
203,ridge,price_slow,6,normal,0.25365590270983884,0.6428571428571429,140
203,ridge,price_slow,7,all,0.225427503767759,0.7333333333333333,180
203,ridge,price_slow,7,event,0.24026538105839063,0.7777777777777778,9
203,ridge,price_slow,7,disrupted,0.10464328117335384,1.0,30
203,ridge,price_slow,7,normal,0.2501791759820602,0.6737588652482269,141
203,ridge,price_slow,8,all,0.21944272502931056,0.7833333333333333,180
203,ridge,price_slow,8,event,0.2101324983952481,0.8,10
203,ridge,price_slow,8,disrupted,0.09486562245514005,1.0,29
203,ridge,price_slow,8,normal,0.24572526574556278,0.7375886524822695,141
203,ridge,price_slow,9,all,0.215032025722026,0.7888888888888889,180
203,ridge,price_slow,9,event,0.2023957523203425,0.8,10
203,ridge,price_slow,9,disrupted,0.08435717067907067,1.0,28
203,ridge,price_slow,9,normal,0.24168877695596677,0.7464788732394366,142
203,ridge,price_slow,10,all,0.20876863892502975,0.8166666666666667,180
203,ridge,price_slow,10,event,0.2127024345914747,0.8,10
203,ridge,price_slow,10,disrupted,0.06956775306587312,1.0,27
203,ridge,price_slow,10,normal,0.23477623306162262,0.7832167832167832,143
203,ridge,price_slow,11,all,0.20478951064337064,0.8222222222222222,180
203,ridge,price_slow,11,event,0.21668079726027195,0.8,10
203,ridge,price_slow,11,disrupted,0.07402053291563987,1.0,26
203,ridge,price_slow,11,normal,0.22757479227359279,0.7916666666666666,144
203,ridge,price_slow,12,all,0.20661172817481416,0.8111111111111111,180
203,ridge,price_slow,12,event,0.25558068602253126,0.8,10
203,ridge,price_slow,12,disrupted,0.07351488981434925,1.0,25
203,ridge,price_slow,12,normal,0.2261822894198793,0.7793103448275862,145
203,ridge,price_slow,13,all,0.2117170828214692,0.8388888888888889,180
203,ridge,price_slow,13,event,0.253827457443629,0.8181818181818182,11
203,ridge,price_slow,13,disrupted,0.08799945043281603,1.0,24
203,ridge,price_slow,13,normal,0.22899990390066866,0.8137931034482758,145
203,ridge,cap_fast,1,all,10.48856181542424,0.7944444444444444,180
203,ridge,cap_fast,1,event,7.125360578297511,1.0,9
203,ridge,cap_fast,1,disrupted,13.305460851916122,0.8,35
203,ridge,cap_fast,1,normal,9.98618935113692,0.7794117647058824,136
203,ridge,cap_fast,2,all,10.570550113232306,0.7777777777777778,180
203,ridge,cap_fast,2,event,7.507183830228391,0.8888888888888888,9
203,ridge,cap_fast,2,disrupted,13.950763626856453,0.7941176470588235,34
203,ridge,cap_fast,2,normal,9.932908048150656,0.7664233576642335,137
203,ridge,cap_fast,3,all,10.862250931274884,0.7666666666666667,180
203,ridge,cap_fast,3,event,8.117639341458032,0.8888888888888888,9
203,ridge,cap_fast,3,disrupted,15.04146606454041,0.7878787878787878,33
203,ridge,cap_fast,3,normal,10.041869807438577,0.7536231884057971,138
203,ridge,cap_fast,4,all,11.1439839040673,0.7833333333333333,180
203,ridge,cap_fast,4,event,8.095138641805256,0.8888888888888888,9
203,ridge,cap_fast,4,disrupted,16.240520528107144,0.78125,32
203,ridge,cap_fast,4,normal,10.168087755801714,0.7769784172661871,139
203,ridge,cap_fast,5,all,11.560980862718507,0.7611111111111111,180
203,ridge,cap_fast,5,event,8.60605143287181,1.0,9
203,ridge,cap_fast,5,disrupted,17.141078036019728,0.7419354838709677,31
203,ridge,cap_fast,5,normal,10.51534766626338,0.75,140
203,ridge,cap_fast,6,all,11.926519752809963,0.7888888888888889,180
203,ridge,cap_fast,6,event,8.772929761134678,0.8888888888888888,9
203,ridge,cap_fast,6,disrupted,18.062711657845124,0.7419354838709677,31
203,ridge,cap_fast,6,normal,10.77052233044559,0.7928571428571428,140
203,ridge,cap_fast,7,all,12.035923100086098,0.7722222222222223,180
203,ridge,cap_fast,7,event,7.260082121785566,0.8888888888888888,9
203,ridge,cap_fast,7,disrupted,18.700422815278,0.7,30
203,ridge,cap_fast,7,normal,10.922785350787857,0.7801418439716312,141
203,ridge,cap_fast,8,all,12.097889833195518,0.7777777777777778,180
203,ridge,cap_fast,8,event,7.01654734797736,0.9,10
203,ridge,cap_fast,8,disrupted,19.289261805158127,0.6896551724137931,29
203,ridge,cap_fast,8,normal,10.979192227984637,0.7872340425531915,141
203,ridge,cap_fast,9,all,12.15842073505081,0.7666666666666667,180
203,ridge,cap_fast,9,event,7.07065777103873,0.9,10
203,ridge,cap_fast,9,disrupted,20.72697592781074,0.6785714285714286,28
203,ridge,cap_fast,9,normal,10.82713963816942,0.7746478873239436,142
203,ridge,cap_fast,10,all,12.255974352883905,0.7833333333333333,180
203,ridge,cap_fast,10,event,6.78804461014456,0.9,10
203,ridge,cap_fast,10,disrupted,21.986346291399286,0.6296296296296297,27
203,ridge,cap_fast,10,normal,10.801143968880256,0.8041958041958042,143
203,ridge,cap_fast,11,all,12.346324539041547,0.7777777777777778,180
203,ridge,cap_fast,11,event,7.199809930022676,0.9,10
203,ridge,cap_fast,11,disrupted,22.341541531617068,0.6153846153846154,26
203,ridge,cap_fast,11,normal,10.899029429897276,0.7986111111111112,144
203,ridge,cap_fast,12,all,12.53143483876305,0.75,180
203,ridge,cap_fast,12,event,7.3870388979687736,0.9,10
203,ridge,cap_fast,12,disrupted,22.623108531122213,0.6,25
203,ridge,cap_fast,12,normal,11.146277025652452,0.7655172413793103,145
203,ridge,cap_fast,13,all,12.33303117222322,0.7888888888888889,180
203,ridge,cap_fast,13,event,7.076125556167298,0.9090909090909091,11
203,ridge,cap_fast,13,disrupted,23.159608390497397,0.5833333333333334,24
203,ridge,cap_fast,13,normal,10.939845713864841,0.8137931034482758,145
203,ridge,cap_slow,1,all,27.089179009568337,0.85,180
203,ridge,cap_slow,1,event,15.611603805859277,1.0,9
203,ridge,cap_slow,1,disrupted,53.85351264473896,0.7714285714285715,35
203,ridge,cap_slow,1,normal,20.960844447821344,0.8602941176470589,136
203,ridge,cap_slow,2,all,27.244408540234275,0.8833333333333333,180
203,ridge,cap_slow,2,event,16.59634451920764,1.0,9
203,ridge,cap_slow,2,disrupted,54.11046127130976,0.8235294117647058,34
203,ridge,cap_slow,2,normal,21.276428856531158,0.8905109489051095,137
203,ridge,cap_slow,3,all,27.597226895115075,0.9055555555555556,180
203,ridge,cap_slow,3,event,16.690203884984882,1.0,9
203,ridge,cap_slow,3,disrupted,55.28473070024244,0.9090909090909091,33
203,ridge,cap_slow,3,normal,21.687629659767026,0.8985507246376812,138
203,ridge,cap_slow,4,all,27.948955856800254,0.9277777777777778,180
203,ridge,cap_slow,4,event,16.659653953567414,1.0,9
203,ridge,cap_slow,4,disrupted,57.010925171376726,0.96875,32
203,ridge,cap_slow,4,normal,21.989392540704202,0.9136690647482014,139
203,ridge,cap_slow,5,all,28.503857522075855,0.9444444444444444,180
203,ridge,cap_slow,5,event,16.745993808209807,1.0,9
203,ridge,cap_slow,5,disrupted,59.625477290921445,1.0,31
203,ridge,cap_slow,5,normal,22.36850438343715,0.9285714285714286,140
203,ridge,cap_slow,6,all,28.95300132793884,0.9388888888888889,180
203,ridge,cap_slow,6,event,16.749517549489216,1.0,9
203,ridge,cap_slow,6,disrupted,60.733514605331486,1.0,31
203,ridge,cap_slow,6,normal,22.700397345130803,0.9214285714285714,140
203,ridge,cap_slow,7,all,28.821537651861853,0.9222222222222223,180
203,ridge,cap_slow,7,event,16.54958996539566,1.0,9
203,ridge,cap_slow,7,disrupted,60.33440387523592,1.0,30
203,ridge,cap_slow,7,normal,22.899988307726915,0.900709219858156,141
203,ridge,cap_slow,8,all,28.853790718787792,0.9277777777777778,180
203,ridge,cap_slow,8,event,15.232321481746402,1.0,10
203,ridge,cap_slow,8,disrupted,59.77817313096175,1.0,29
203,ridge,cap_slow,8,normal,23.459518395506716,0.9078014184397163,141
203,ridge,cap_slow,9,all,28.520153677953637,0.9277777777777778,180
203,ridge,cap_slow,9,event,16.176830039052877,1.0,10
203,ridge,cap_slow,9,disrupted,57.9234870384683,1.0,28
203,ridge,cap_slow,9,normal,23.591561440591644,0.9084507042253521,142
203,ridge,cap_slow,10,all,28.2166197831917,0.8888888888888888,180
203,ridge,cap_slow,10,event,16.486748762968194,1.0,10
203,ridge,cap_slow,10,disrupted,55.68834444099239,1.0,27
203,ridge,cap_slow,10,normal,23.849921492573632,0.8601398601398601,143
203,ridge,cap_slow,11,all,27.67308732391306,0.8944444444444445,180
203,ridge,cap_slow,11,event,15.696563647131892,1.0,10
203,ridge,cap_slow,11,disrupted,53.94741780598445,1.0,26
203,ridge,cap_slow,11,normal,23.760814019982192,0.8680555555555556,144
203,ridge,cap_slow,12,all,27.432207342476936,0.9,180
203,ridge,cap_slow,12,event,15.221786486483376,1.0,10
203,ridge,cap_slow,12,disrupted,52.34064262642083,0.96,25
203,ridge,cap_slow,12,normal,23.97974752496893,0.8827586206896552,145
203,ridge,cap_slow,13,all,27.05948708569277,0.9111111111111111,180
203,ridge,cap_slow,13,event,13.726008442175026,1.0,11
203,ridge,cap_slow,13,disrupted,50.747107207072766,0.9166666666666666,24
203,ridge,cap_slow,13,normal,24.1502828247657,0.903448275862069,145
203,gbm,propensity,0,all,0.018860008669099523,0.7555555555555555,180
203,gbm,propensity,0,event,0.038487855346274316,0.3333333333333333,9
203,gbm,propensity,0,disrupted,0.021408014074062977,0.6944444444444444,36
203,gbm,propensity,0,normal,0.016872017449297623,0.8,135
203,gbm,propensity,1,all,0.019334081819086066,0.7666666666666667,180
203,gbm,propensity,1,event,0.03898410679713224,0.3333333333333333,9
203,gbm,propensity,1,disrupted,0.022504769945979542,0.6857142857142857,35
203,gbm,propensity,1,normal,0.01721772660405895,0.8161764705882353,136
203,gbm,propensity,2,all,0.019588603827594763,0.7944444444444444,180
203,gbm,propensity,2,event,0.03958862360789905,0.3333333333333333,9
203,gbm,propensity,2,disrupted,0.021132950611729973,0.7941176470588235,34
203,gbm,propensity,2,normal,0.017891465370052165,0.8248175182481752,137
203,gbm,propensity,3,all,0.01973573239512457,0.7777777777777778,180
203,gbm,propensity,3,event,0.04236949488422107,0.2222222222222222,9
203,gbm,propensity,3,disrupted,0.020412440916448803,0.7878787878787878,33
203,gbm,propensity,3,normal,0.018097795847258135,0.8115942028985508,138
203,gbm,propensity,4,all,0.02010596918627277,0.7944444444444444,180
203,gbm,propensity,4,event,0.04396435811658636,0.2222222222222222,9
203,gbm,propensity,4,disrupted,0.02012452469724819,0.8125,32
203,gbm,propensity,4,normal,0.018556909641495534,0.8273381294964028,139
203,gbm,propensity,5,all,0.019692991054274963,0.8055555555555556,180
203,gbm,propensity,5,event,0.041222816749213124,0.3333333333333333,9
203,gbm,propensity,5,disrupted,0.020578060536149297,0.8387096774193549,31
203,gbm,propensity,5,normal,0.018112951160042478,0.8285714285714286,140
203,gbm,propensity,6,all,0.019804419553566828,0.8166666666666667,180
203,gbm,propensity,6,event,0.04177318473188588,0.3333333333333333,9
203,gbm,propensity,6,disrupted,0.01984684831204529,0.7741935483870968,31
203,gbm,propensity,6,normal,0.01838274685272609,0.8571428571428571,140
203,gbm,propensity,7,all,0.01993187335183212,0.8111111111111111,180
203,gbm,propensity,7,event,0.04207439697754696,0.3333333333333333,9
203,gbm,propensity,7,disrupted,0.019616832771277893,0.7666666666666667,30
203,gbm,propensity,7,normal,0.018585550690734202,0.851063829787234,141
203,gbm,propensity,8,all,0.020453573274968065,0.8166666666666667,180
203,gbm,propensity,8,event,0.04099790086509091,0.4,10
203,gbm,propensity,8,disrupted,0.018988766079146208,0.8275862068965517,29
203,gbm,propensity,8,normal,0.019297801167007824,0.8439716312056738,141
203,gbm,propensity,9,all,0.020547765136560918,0.8166666666666667,180
203,gbm,propensity,9,event,0.04207951781571353,0.4,10
203,gbm,propensity,9,disrupted,0.020668351697107908,0.8214285714285714,28
203,gbm,propensity,9,normal,0.019007666893695836,0.8450704225352113,142
203,gbm,propensity,10,all,0.020921729758713058,0.8,180
203,gbm,propensity,10,event,0.043199615977026984,0.4,10
203,gbm,propensity,10,disrupted,0.019099540325531118,0.7777777777777778,27
203,gbm,propensity,10,normal,0.019707885370690497,0.8321678321678322,143
203,gbm,propensity,11,all,0.021025614870309597,0.7944444444444444,180
203,gbm,propensity,11,event,0.043073568254617806,0.4,10
203,gbm,propensity,11,disrupted,0.02169814078548395,0.7692307692307693,26
203,gbm,propensity,11,normal,0.01937307870615949,0.8263888888888888,144
203,gbm,propensity,12,all,0.02115299247905269,0.8166666666666667,180
203,gbm,propensity,12,event,0.04487962931859549,0.4,10
203,gbm,propensity,12,disrupted,0.022734134243521557,0.76,25
203,gbm,propensity,12,normal,0.0192440620479689,0.8551724137931035,145
203,gbm,propensity,13,all,0.02122961130450098,0.8055555555555556,180
203,gbm,propensity,13,event,0.04210148733635997,0.45454545454545453,11
203,gbm,propensity,13,disrupted,0.022408228691917217,0.75,24
203,gbm,propensity,13,normal,0.01945114610692554,0.8413793103448276,145
203,gbm,arrivals,0,all,1.630379523488797,0.8055555555555556,180
203,gbm,arrivals,0,event,2.039544407370075,0.6666666666666666,9
203,gbm,arrivals,0,disrupted,1.7913028655953207,0.75,36
203,gbm,arrivals,0,normal,1.560188973334972,0.8296296296296296,135
203,gbm,arrivals,1,all,1.6720426357087639,0.7888888888888889,180
203,gbm,arrivals,1,event,2.088049604143965,0.6666666666666666,9
203,gbm,arrivals,1,disrupted,1.8482408192651532,0.7142857142857143,35
203,gbm,arrivals,1,normal,1.5991676420294225,0.8161764705882353,136
203,gbm,arrivals,2,all,1.6992184277964466,0.7611111111111111,180
203,gbm,arrivals,2,event,1.8192598891679626,0.6666666666666666,9
203,gbm,arrivals,2,disrupted,1.9665728029253955,0.6764705882352942,34
203,gbm,arrivals,2,normal,1.6249817715429582,0.7883211678832117,137
203,gbm,arrivals,3,all,1.7014227601402878,0.7611111111111111,180
203,gbm,arrivals,3,event,1.7978460551761175,0.5555555555555556,9
203,gbm,arrivals,3,disrupted,1.9318987410314095,0.696969696969697,33
203,gbm,arrivals,3,normal,1.6400204628596398,0.7898550724637681,138
203,gbm,arrivals,4,all,1.7042749579834549,0.7611111111111111,180
203,gbm,arrivals,4,event,1.7762722090176633,0.7777777777777778,9
203,gbm,arrivals,4,disrupted,1.9755580406140916,0.65625,32
203,gbm,arrivals,4,normal,1.6371596061597984,0.7841726618705036,139
203,gbm,arrivals,5,all,1.691779990361088,0.7388888888888889,180
203,gbm,arrivals,5,event,1.6923334944989001,0.6666666666666666,9
203,gbm,arrivals,5,disrupted,1.986240354653536,0.6451612903225806,31
203,gbm,arrivals,5,normal,1.6265424701446152,0.7642857142857142,140
203,gbm,arrivals,6,all,1.668772237274486,0.75,180
203,gbm,arrivals,6,event,1.703383139281238,0.6666666666666666,9
203,gbm,arrivals,6,disrupted,1.9122256360870942,0.7096774193548387,31
203,gbm,arrivals,6,normal,1.6126397124084033,0.7642857142857142,140
203,gbm,arrivals,7,all,1.6701350906552521,0.7722222222222223,180
203,gbm,arrivals,7,event,1.5813487420682597,0.6666666666666666,9
203,gbm,arrivals,7,disrupted,1.891183930332197,0.8,30
203,gbm,arrivals,7,normal,1.6287706363784762,0.7730496453900709,141
203,gbm,arrivals,8,all,1.6438067431897272,0.7666666666666667,180
203,gbm,arrivals,8,event,1.3659698670752245,0.7,10
203,gbm,arrivals,8,disrupted,1.9447863688470524,0.7586206896551724,29
203,gbm,arrivals,8,normal,1.6016078752257743,0.7730496453900709,141
203,gbm,arrivals,9,all,1.6275050957779191,0.7777777777777778,180
203,gbm,arrivals,9,event,1.3619599209415547,0.7,10
203,gbm,arrivals,9,disrupted,1.9833986218726116,0.6785714285714286,28
203,gbm,arrivals,9,normal,1.5760292719589912,0.8028169014084507,142
203,gbm,arrivals,10,all,1.6457897516177606,0.7666666666666667,180
203,gbm,arrivals,10,event,1.4719588554120044,0.7,10
203,gbm,arrivals,10,disrupted,2.023561099717404,0.6666666666666666,27
203,gbm,arrivals,10,normal,1.5866183010119375,0.7902097902097902,143
203,gbm,arrivals,11,all,1.609461555170562,0.7888888888888889,180
203,gbm,arrivals,11,event,1.362265349486695,0.7,10
203,gbm,arrivals,11,disrupted,2.023814786898455,0.7307692307692307,26
203,gbm,arrivals,11,normal,1.5518141803921832,0.8055555555555556,144
203,gbm,arrivals,12,all,1.6136204645858394,0.7833333333333333,180
203,gbm,arrivals,12,event,1.6585203077446469,0.7,10
203,gbm,arrivals,12,disrupted,2.0573760325420998,0.76,25
203,gbm,arrivals,12,normal,1.5340143429962216,0.7931034482758621,145
203,gbm,arrivals,13,all,1.604438367969753,0.7888888888888889,180
203,gbm,arrivals,13,event,1.5802048739314556,0.6363636363636364,11
203,gbm,arrivals,13,disrupted,2.1555696789025114,0.7083333333333334,24
203,gbm,arrivals,13,normal,1.5150550367424085,0.8137931034482758,145
203,gbm,price_fast,1,all,0.308739089492694,0.8333333333333334,180
203,gbm,price_fast,1,event,0.22978025691702728,0.8888888888888888,9
203,gbm,price_fast,1,disrupted,0.3728496666917209,1.0,35
203,gbm,price_fast,1,normal,0.2974652607516283,0.7867647058823529,136
203,gbm,price_fast,2,all,0.3295473091123124,0.8333333333333334,180
203,gbm,price_fast,2,event,0.29449196057886784,0.7777777777777778,9
203,gbm,price_fast,2,disrupted,0.40220546325871714,1.0,34
203,gbm,price_fast,2,normal,0.3138182645562777,0.7956204379562044,137
203,gbm,price_fast,3,all,0.35252913407457837,0.8277777777777777,180
203,gbm,price_fast,3,event,0.3091443938440398,0.7777777777777778,9
203,gbm,price_fast,3,disrupted,0.4211894681300223,1.0,33
203,gbm,price_fast,3,normal,0.3389397981198334,0.7898550724637681,138
203,gbm,price_fast,4,all,0.36373695603512846,0.8055555555555556,180
203,gbm,price_fast,4,event,0.3185516110086962,0.7777777777777778,9
203,gbm,price_fast,4,disrupted,0.42922776955344655,1.0,32
203,gbm,price_fast,4,normal,0.351585604039817,0.762589928057554,139
203,gbm,price_fast,5,all,0.3756958694712027,0.8111111111111111,180
203,gbm,price_fast,5,event,0.2934744843110202,0.7777777777777778,9
203,gbm,price_fast,5,disrupted,0.4581822867347569,1.0,31
203,gbm,price_fast,5,normal,0.362716680408856,0.7714285714285715,140
203,gbm,price_fast,6,all,0.38843975436209166,0.8,180
203,gbm,price_fast,6,event,0.32300589910532285,0.7777777777777778,9
203,gbm,price_fast,6,disrupted,0.5015684645680692,0.967741935483871,31
203,gbm,price_fast,6,normal,0.36759628779727466,0.7642857142857142,140
203,gbm,price_fast,7,all,0.39830278971380106,0.7833333333333333,180
203,gbm,price_fast,7,event,0.32226717089607626,0.7777777777777778,9
203,gbm,price_fast,7,disrupted,0.5281023614693973,0.9666666666666667,30
203,gbm,price_fast,7,normal,0.3755391969243799,0.7446808510638298,141
203,gbm,price_fast,8,all,0.41440551811388626,0.7722222222222223,180
203,gbm,price_fast,8,event,0.31774091789222086,0.8,10
203,gbm,price_fast,8,disrupted,0.5503132863052368,1.0,29
203,gbm,price_fast,8,normal,0.3933085019767762,0.723404255319149,141
203,gbm,price_fast,9,all,0.427665853283939,0.7611111111111111,180
203,gbm,price_fast,9,event,0.3267820878643607,0.8,10
203,gbm,price_fast,9,disrupted,0.5535297678838939,1.0,28
203,gbm,price_fast,9,normal,0.4099521071247633,0.7112676056338029,142
203,gbm,price_fast,10,all,0.44104307496771156,0.7444444444444445,180
203,gbm,price_fast,10,event,0.31500073393973826,0.8,10
203,gbm,price_fast,10,disrupted,0.570122939271687,1.0,27
203,gbm,price_fast,10,normal,0.42548550205912683,0.6923076923076923,143
203,gbm,price_fast,11,all,0.4531455152788117,0.7277777777777777,180
203,gbm,price_fast,11,event,0.31200997118830154,0.8,10
203,gbm,price_fast,11,disrupted,0.578914532925447,1.0,26
203,gbm,price_fast,11,normal,0.4402382998766768,0.6736111111111112,144
203,gbm,price_fast,12,all,0.45646461409438044,0.7222222222222222,180
203,gbm,price_fast,12,event,0.377826310801081,0.8,10
203,gbm,price_fast,12,disrupted,0.602426053054345,1.0,25
203,gbm,price_fast,12,normal,0.4367221800180624,0.6689655172413793,145
203,gbm,price_fast,13,all,0.45871689668429266,0.7055555555555556,180
203,gbm,price_fast,13,event,0.36447543705138846,0.7272727272727273,11
203,gbm,price_fast,13,disrupted,0.595421128116936,1.0,24
203,gbm,price_fast,13,normal,0.4432393415227651,0.6551724137931034,145
203,gbm,price_slow,1,all,0.2131759423270461,0.7055555555555556,180
203,gbm,price_slow,1,event,0.1865634310207397,0.6666666666666666,9
203,gbm,price_slow,1,disrupted,0.17931988755757156,0.8571428571428571,35
203,gbm,price_slow,1,normal,0.22365001967034287,0.6691176470588235,136
203,gbm,price_slow,2,all,0.2288697019301199,0.7111111111111111,180
203,gbm,price_slow,2,event,0.26050273480157116,0.6666666666666666,9
203,gbm,price_slow,2,disrupted,0.18387662799241758,0.9117647058823529,34
203,gbm,price_slow,2,normal,0.23795778381361496,0.6642335766423357,137
203,gbm,price_slow,3,all,0.242690983520082,0.7222222222222222,180
203,gbm,price_slow,3,event,0.2859132127497693,0.5555555555555556,9
203,gbm,price_slow,3,disrupted,0.1931516546115532,0.9696969696969697,33
203,gbm,price_slow,3,normal,0.25171850374409843,0.6739130434782609,138
203,gbm,price_slow,4,all,0.257837967856949,0.7388888888888889,180
203,gbm,price_slow,4,event,0.30843915682397566,0.5555555555555556,9
203,gbm,price_slow,4,disrupted,0.21520958703698592,1.0,32
203,gbm,price_slow,4,normal,0.26437535983921934,0.6906474820143885,139
203,gbm,price_slow,5,all,0.2607543238233433,0.7388888888888889,180
203,gbm,price_slow,5,event,0.24982548563812706,0.5555555555555556,9
203,gbm,price_slow,5,disrupted,0.23197558262292323,1.0,31
203,gbm,price_slow,5,normal,0.2678293275439145,0.6928571428571428,140
203,gbm,price_slow,6,all,0.27349440662162355,0.7333333333333333,180
203,gbm,price_slow,6,event,0.27926008165715477,0.5555555555555556,9
203,gbm,price_slow,6,disrupted,0.24728271451506234,0.967741935483871,31
203,gbm,price_slow,6,normal,0.27892777362150656,0.6928571428571428,140
203,gbm,price_slow,7,all,0.2795804933082205,0.7166666666666667,180
203,gbm,price_slow,7,event,0.2834931812351918,0.4444444444444444,9
203,gbm,price_slow,7,disrupted,0.2679580949781472,0.9666666666666667,30
203,gbm,price_slow,7,normal,0.28180359797885496,0.6808510638297872,141
203,gbm,price_slow,8,all,0.2850400667417952,0.7333333333333333,180
203,gbm,price_slow,8,event,0.25443510516217527,0.6,10
203,gbm,price_slow,8,disrupted,0.25942688332645253,0.9655172413793104,29
203,gbm,price_slow,8,normal,0.2924785911023706,0.6950354609929078,141
203,gbm,price_slow,9,all,0.29245617175831484,0.7166666666666667,180
203,gbm,price_slow,9,event,0.26328270394361697,0.6,10
203,gbm,price_slow,9,disrupted,0.26936429349836233,0.9642857142857143,28
203,gbm,price_slow,9,normal,0.2990639694303264,0.676056338028169,142
203,gbm,price_slow,10,all,0.2895156407063365,0.7277777777777777,180
203,gbm,price_slow,10,event,0.29392427074898875,0.5,10
203,gbm,price_slow,10,disrupted,0.24751644682224677,0.9629629629629629,27
203,gbm,price_slow,10,normal,0.2971372626255247,0.6993006993006993,143
203,gbm,price_slow,11,all,0.2867615144242275,0.7666666666666667,180
203,gbm,price_slow,11,event,0.2773668742851857,0.8,10
203,gbm,price_slow,11,disrupted,0.23717495885296802,1.0,26
203,gbm,price_slow,11,normal,0.29636704807869385,0.7222222222222222,144
203,gbm,price_slow,12,all,0.2884830816365801,0.7444444444444445,180
203,gbm,price_slow,12,event,0.3245419753717111,0.6,10
203,gbm,price_slow,12,disrupted,0.22447480455709787,1.0,25
203,gbm,price_slow,12,normal,0.29703217122027487,0.7103448275862069,145
203,gbm,price_slow,13,all,0.2975548804142213,0.75,180
203,gbm,price_slow,13,event,0.2844141130538756,0.7272727272727273,11
203,gbm,price_slow,13,disrupted,0.23966462743413178,1.0,24
203,gbm,price_slow,13,normal,0.3081336011899864,0.7103448275862069,145
203,gbm,cap_fast,1,all,8.157696515315823,0.7944444444444444,180
203,gbm,cap_fast,1,event,2.34729233776904,1.0,9
203,gbm,cap_fast,1,disrupted,14.02829024827374,0.6571428571428571,35
203,gbm,cap_fast,1,normal,7.031393992848132,0.8161764705882353,136
203,gbm,cap_fast,2,all,8.537669124259754,0.8055555555555556,180
203,gbm,cap_fast,2,event,2.2965433187440647,1.0,9
203,gbm,cap_fast,2,disrupted,15.28687994866114,0.7058823529411765,34
203,gbm,cap_fast,2,normal,7.272683461631975,0.8175182481751825,137
203,gbm,cap_fast,3,all,8.912229540177742,0.8222222222222222,180
203,gbm,cap_fast,3,event,2.688742676740358,1.0,9
203,gbm,cap_fast,3,disrupted,16.023018108469063,0.696969696969697,33
203,gbm,cap_fast,3,normal,7.617703156245302,0.8405797101449275,138
203,gbm,cap_fast,4,all,9.249196648017545,0.8444444444444444,180
203,gbm,cap_fast,4,event,2.7998975353595075,1.0,9
203,gbm,cap_fast,4,disrupted,17.06382699579199,0.71875,32
203,gbm,cap_fast,4,normal,7.86772557524877,0.8633093525179856,139
203,gbm,cap_fast,5,all,9.800439986812444,0.8666666666666667,180
203,gbm,cap_fast,5,event,3.0723238471634664,1.0,9
203,gbm,cap_fast,5,disrupted,17.98356322150897,0.7419354838709677,31
203,gbm,cap_fast,5,normal,8.420984450964221,0.8857142857142857,140
203,gbm,cap_fast,6,all,10.43407317095818,0.8555555555555555,180
203,gbm,cap_fast,6,event,3.2462418566585063,1.0,9
203,gbm,cap_fast,6,disrupted,18.75471165457859,0.7096774193548387,31
203,gbm,cap_fast,6,normal,9.053720948361498,0.8785714285714286,140
203,gbm,cap_fast,7,all,10.788184999783835,0.85,180
203,gbm,cap_fast,7,event,2.209457160284728,1.0,9
203,gbm,cap_fast,7,disrupted,18.494163210167777,0.7,30
203,gbm,cap_fast,7,normal,9.696193540521238,0.8723404255319149,141
203,gbm,cap_fast,8,all,11.26811675689735,0.8111111111111111,180
203,gbm,cap_fast,8,event,2.722988877775934,1.0,10
203,gbm,cap_fast,8,disrupted,19.013306649743004,0.5862068965517241,29
203,gbm,cap_fast,8,normal,10.281171876746216,0.8439716312056738,141
203,gbm,cap_fast,9,all,11.697633196222322,0.8111111111111111,180
203,gbm,cap_fast,9,event,2.6172301150284953,1.0,10
203,gbm,cap_fast,9,disrupted,19.785566794596548,0.6428571428571429,28
203,gbm,cap_fast,9,normal,10.742294393810065,0.8309859154929577,142
203,gbm,cap_fast,10,all,12.160827766362608,0.8222222222222222,180
203,gbm,cap_fast,10,event,2.7368876663087702,1.0,10
203,gbm,cap_fast,10,disrupted,20.82687117469065,0.6296296296296297,27
203,gbm,cap_fast,10,normal,11.18359859836038,0.8461538461538461,143
203,gbm,cap_fast,11,all,12.428777555445176,0.7833333333333333,180
203,gbm,cap_fast,11,event,3.709125639022305,1.0,10
203,gbm,cap_fast,11,disrupted,21.069714229741315,0.5,26
203,gbm,cap_fast,11,normal,11.474139816782184,0.8194444444444444,144
203,gbm,cap_fast,12,all,12.647209956218921,0.7722222222222223,180
203,gbm,cap_fast,12,event,3.54857921756402,1.0,10
203,gbm,cap_fast,12,disrupted,21.75568265352873,0.48,25
203,gbm,cap_fast,12,normal,11.704275404176189,0.8068965517241379,145
203,gbm,cap_fast,13,all,13.011536916841125,0.7722222222222223,180
203,gbm,cap_fast,13,event,3.758377587650372,1.0,11
203,gbm,cap_fast,13,disrupted,22.304931275127363,0.4583333333333333,24
203,gbm,cap_fast,13,normal,12.17528373078753,0.8068965517241379,145
203,gbm,cap_slow,1,all,15.968864556448478,0.9333333333333333,180
203,gbm,cap_slow,1,event,7.507288126579583,1.0,9
203,gbm,cap_slow,1,disrupted,32.414102538599685,0.7714285714285715,35
203,gbm,cap_slow,1,normal,12.296591457136183,0.9705882352941176,136
203,gbm,cap_slow,2,all,16.189576977036733,0.95,180
203,gbm,cap_slow,2,event,8.550147593084258,1.0,9
203,gbm,cap_slow,2,disrupted,31.08505393898354,0.8235294117647058,34
203,gbm,cap_slow,2,normal,12.994749588346085,0.9781021897810219,137
203,gbm,cap_slow,3,all,16.537753304467213,0.9555555555555556,180
203,gbm,cap_slow,3,event,9.52857549449072,1.0,9
203,gbm,cap_slow,3,disrupted,30.298478760421197,0.8181818181818182,33
203,gbm,cap_slow,3,normal,13.70426533521581,0.9855072463768116,138
203,gbm,cap_slow,4,all,16.96426659771506,0.9611111111111111,180
203,gbm,cap_slow,4,event,9.437112987576475,1.0,9
203,gbm,cap_slow,4,disrupted,28.088822124124807,0.84375,32
203,gbm,cap_slow,4,normal,14.89058750164409,0.9856115107913669,139
203,gbm,cap_slow,5,all,18.276567230560286,0.9777777777777777,180
203,gbm,cap_slow,5,event,8.974051032137124,1.0,9
203,gbm,cap_slow,5,disrupted,33.54339508878062,1.0,31
203,gbm,cap_slow,5,normal,15.494074246138702,0.9714285714285714,140
203,gbm,cap_slow,6,all,20.5627993659822,0.9722222222222222,180
203,gbm,cap_slow,6,event,10.894214131039433,1.0,9
203,gbm,cap_slow,6,disrupted,42.749883047082044,1.0,31
203,gbm,cap_slow,6,normal,16.271497030270698,0.9642857142857143,140
203,gbm,cap_slow,7,all,21.1391840114024,0.9722222222222222,180
203,gbm,cap_slow,7,event,8.410511381361731,1.0,9
203,gbm,cap_slow,7,disrupted,42.14207767726229,1.0,30
203,gbm,cap_slow,7,normal,17.48295169717948,0.9645390070921985,141
203,gbm,cap_slow,8,all,21.517851249888064,0.9777777777777777,180
203,gbm,cap_slow,8,event,9.515838524740152,1.0,10
203,gbm,cap_slow,8,disrupted,41.0878464802481,1.0,29
203,gbm,cap_slow,8,normal,18.344023346136563,0.9716312056737588,141
203,gbm,cap_slow,9,all,21.649504271001796,0.9611111111111111,180
203,gbm,cap_slow,9,event,8.373237561806869,1.0,10
203,gbm,cap_slow,9,disrupted,39.596547751181525,1.0,28
203,gbm,cap_slow,9,normal,19.04559898682516,0.9507042253521126,142
203,gbm,cap_slow,10,all,22.19404214172517,0.9555555555555556,180
203,gbm,cap_slow,10,event,8.076141089158114,1.0,10
203,gbm,cap_slow,10,disrupted,39.6820235451939,1.0,27
203,gbm,cap_slow,10,normal,19.8793813909001,0.9440559440559441,143
203,gbm,cap_slow,11,all,23.97992515125873,0.9388888888888889,180
203,gbm,cap_slow,11,event,10.191269959721533,1.0,10
203,gbm,cap_slow,11,disrupted,40.74326167693142,1.0,26
203,gbm,cap_slow,11,normal,21.910757111313465,0.9236111111111112,144
203,gbm,cap_slow,12,all,25.31779794929765,0.9277777777777778,180
203,gbm,cap_slow,12,event,9.088798224509782,1.0,10
203,gbm,cap_slow,12,disrupted,40.78075791576465,1.0,25
203,gbm,cap_slow,12,normal,23.77101172920251,0.9103448275862069,145
203,gbm,cap_slow,13,all,26.91857853000148,0.9277777777777778,180
203,gbm,cap_slow,13,event,7.966303552285987,1.0,11
203,gbm,cap_slow,13,disrupted,44.27381398615109,1.0,24
203,gbm,cap_slow,13,normal,25.4837466252241,0.9103448275862069,145
203,tabpfn,propensity,0,all,0.01584073911157008,0.8277777777777777,180
203,tabpfn,propensity,0,event,0.021891412733132665,0.7777777777777778,9
203,tabpfn,propensity,0,disrupted,0.022536783819394276,0.6944444444444444,36
203,tabpfn,propensity,0,normal,0.01365174894804612,0.8666666666666667,135
203,tabpfn,propensity,1,all,0.016855853828959783,0.8111111111111111,180
203,tabpfn,propensity,1,event,0.021375775329698712,0.7777777777777778,9
203,tabpfn,propensity,1,disrupted,0.02414869693323571,0.7142857142857143,35
203,tabpfn,propensity,1,normal,0.014679906754281052,0.8382352941176471,136
203,tabpfn,propensity,2,all,0.01717680661982179,0.8333333333333334,180
203,tabpfn,propensity,2,event,0.022764464765378547,0.7777777777777778,9
203,tabpfn,propensity,2,disrupted,0.02373727837480119,0.7941176470588235,34
203,tabpfn,propensity,2,normal,0.015181587911943609,0.8467153284671532,137
203,tabpfn,propensity,3,all,0.017566778636369858,0.8222222222222222,180
203,tabpfn,propensity,3,event,0.02370649456611185,0.6666666666666666,9
203,tabpfn,propensity,3,disrupted,0.022238534929602257,0.8181818181818182,33
203,tabpfn,propensity,3,normal,0.01604920326648329,0.8333333333333334,138
203,tabpfn,propensity,4,all,0.01779601738633438,0.7944444444444444,180
203,tabpfn,propensity,4,event,0.022667952797293032,0.6666666666666666,9
203,tabpfn,propensity,4,disrupted,0.021346594345750296,0.8125,32
203,tabpfn,propensity,4,normal,0.016663169318708933,0.7985611510791367,139
203,tabpfn,propensity,5,all,0.018483891935993077,0.7722222222222223,180
203,tabpfn,propensity,5,event,0.025882436564900108,0.5555555555555556,9
203,tabpfn,propensity,5,disrupted,0.021528557711634207,0.8064516129032258,31
203,tabpfn,propensity,5,normal,0.017334095216671376,0.7785714285714286,140
203,tabpfn,propensity,6,all,0.018953336958195895,0.7944444444444444,180
203,tabpfn,propensity,6,event,0.02724453405207,0.4444444444444444,9
203,tabpfn,propensity,6,disrupted,0.02349822892554772,0.8387096774193549,31
203,tabpfn,propensity,6,normal,0.017413962495104653,0.8071428571428572,140
203,tabpfn,propensity,7,all,0.019496045216968103,0.7777777777777778,180
203,tabpfn,propensity,7,event,0.026962850141211546,0.4444444444444444,9
203,tabpfn,propensity,7,disrupted,0.02383276420398676,0.8,30
203,tabpfn,propensity,7,normal,0.018096734479884764,0.7943262411347518,141
203,tabpfn,propensity,8,all,0.02015192135770783,0.7833333333333333,180
203,tabpfn,propensity,8,event,0.027981935287630665,0.6,10
203,tabpfn,propensity,8,disrupted,0.024471890439892792,0.7931034482758621,29
203,tabpfn,propensity,8,normal,0.018708096941519228,0.7943262411347518,141
203,tabpfn,propensity,9,all,0.02053643481287085,0.7777777777777778,180
203,tabpfn,propensity,9,event,0.027125218039508937,0.7,10
203,tabpfn,propensity,9,disrupted,0.02473100993076105,0.7857142857142857,28
203,tabpfn,propensity,9,normal,0.01924533667507292,0.7816901408450704,142
203,tabpfn,propensity,10,all,0.02070467961440185,0.7611111111111111,180
203,tabpfn,propensity,10,event,0.02993731855700752,0.6,10
203,tabpfn,propensity,10,disrupted,0.022270223153186535,0.8148148148148148,27
203,tabpfn,propensity,10,normal,0.019763448390812732,0.7622377622377622,143
203,tabpfn,propensity,11,all,0.02107458644724844,0.7777777777777778,180
203,tabpfn,propensity,11,event,0.02977144938048456,0.6,10
203,tabpfn,propensity,11,disrupted,0.024573788847521653,0.7307692307692307,26
203,tabpfn,propensity,11,normal,0.019838837199057713,0.7986111111111112,144
203,tabpfn,propensity,12,all,0.021450708654982782,0.75,180
203,tabpfn,propensity,12,event,0.03348613928520618,0.5,10
203,tabpfn,propensity,12,disrupted,0.024336215134283613,0.8,25
203,tabpfn,propensity,12,normal,0.020123177839225855,0.7586206896551724,145
203,tabpfn,propensity,13,all,0.021760781033620637,0.7666666666666667,180
203,tabpfn,propensity,13,event,0.0324906619161009,0.5454545454545454,11
203,tabpfn,propensity,13,disrupted,0.02435959651678638,0.7916666666666666,24
203,tabpfn,propensity,13,normal,0.0205166413004947,0.7793103448275862,145
203,tabpfn,arrivals,0,all,1.43148441748682,0.7833333333333333,180
203,tabpfn,arrivals,0,event,1.9632616035396968,0.5555555555555556,9
203,tabpfn,arrivals,0,disrupted,1.600011185314011,0.7222222222222222,36
203,tabpfn,arrivals,0,normal,1.3510921336627104,0.8148148148148148,135
203,tabpfn,arrivals,1,all,1.4841081282529325,0.7611111111111111,180
203,tabpfn,arrivals,1,event,1.9587675548694685,0.5555555555555556,9
203,tabpfn,arrivals,1,disrupted,1.6380076734857545,0.6857142857142857,35
203,tabpfn,arrivals,1,normal,1.4130903420566265,0.7941176470588235,136
203,tabpfn,arrivals,2,all,1.5084855563065058,0.7944444444444444,180
203,tabpfn,arrivals,2,event,1.7926235017281924,0.6666666666666666,9
203,tabpfn,arrivals,2,disrupted,1.770954983487274,0.7058823529411765,34
203,tabpfn,arrivals,2,normal,1.4246811619054744,0.8248175182481752,137
203,tabpfn,arrivals,3,all,1.4800312695903959,0.7833333333333333,180
203,tabpfn,arrivals,3,event,1.8293052869944175,0.6666666666666666,9
203,tabpfn,arrivals,3,disrupted,1.6465366814379327,0.7575757575757576,33
203,tabpfn,arrivals,3,normal,1.417436017796158,0.7971014492753623,138
203,tabpfn,arrivals,4,all,1.4924742964603634,0.7833333333333333,180
203,tabpfn,arrivals,4,event,1.8282265422982542,0.6666666666666666,9
203,tabpfn,arrivals,4,disrupted,1.65551415449475,0.78125,32
203,tabpfn,arrivals,4,normal,1.4332005866068287,0.7913669064748201,139
203,tabpfn,arrivals,5,all,1.4860162076200876,0.7777777777777778,180
203,tabpfn,arrivals,5,event,1.7424092383426162,0.6666666666666666,9
203,tabpfn,arrivals,5,disrupted,1.6861280455812482,0.7741935483870968,31
203,tabpfn,arrivals,5,normal,1.4252233200965252,0.7857142857142857,140
203,tabpfn,arrivals,6,all,1.4658433158728523,0.7722222222222223,180
203,tabpfn,arrivals,6,event,1.733519510220329,0.6666666666666666,9
203,tabpfn,arrivals,6,disrupted,1.7128980755162482,0.8064516129032258,31
203,tabpfn,arrivals,6,normal,1.393930578029477,0.7714285714285715,140
203,tabpfn,arrivals,7,all,1.4607551325108734,0.7777777777777778,180
203,tabpfn,arrivals,7,event,1.7355838972239097,0.6666666666666666,9
203,tabpfn,arrivals,7,disrupted,1.683681689277686,0.7666666666666667,30
203,tabpfn,arrivals,7,normal,1.3957816886426344,0.7872340425531915,141
203,tabpfn,arrivals,8,all,1.4532369145460229,0.7777777777777778,180
203,tabpfn,arrivals,8,event,1.5578643924005455,0.7,10
203,tabpfn,arrivals,8,disrupted,1.7399961828034778,0.7931034482758621,29
203,tabpfn,arrivals,8,normal,1.3868376694537434,0.7801418439716312,141
203,tabpfn,arrivals,9,all,1.4650584306903895,0.8055555555555556,180
203,tabpfn,arrivals,9,event,1.57745259241713,0.7,10
203,tabpfn,arrivals,9,disrupted,1.7617242410183653,0.7857142857142857,28
203,tabpfn,arrivals,9,normal,1.3986458651520042,0.8169014084507042,142
203,tabpfn,arrivals,10,all,1.4733364776528062,0.8055555555555556,180
203,tabpfn,arrivals,10,event,1.5830268187965246,0.7,10
203,tabpfn,arrivals,10,disrupted,1.7129676711687722,0.7407407407407407,27
203,tabpfn,arrivals,10,normal,1.4204207739019792,0.8251748251748252,143
203,tabpfn,arrivals,11,all,1.4637780775058238,0.8,180
203,tabpfn,arrivals,11,event,1.6278090758766026,0.7,10
203,tabpfn,arrivals,11,disrupted,1.7909766421647872,0.7307692307692307,26
203,tabpfn,arrivals,11,normal,1.393309517333318,0.8194444444444444,144
203,tabpfn,arrivals,12,all,1.4697335868223136,0.8,180
203,tabpfn,arrivals,12,event,1.751807717844376,0.7,10
203,tabpfn,arrivals,12,disrupted,1.8701667513841116,0.72,25
203,tabpfn,arrivals,12,normal,1.3812399976894476,0.8206896551724138,145
203,tabpfn,arrivals,13,all,1.4815379668683433,0.8111111111111111,180
203,tabpfn,arrivals,13,event,1.6499309518246577,0.7272727272727273,11
203,tabpfn,arrivals,13,disrupted,1.916236053048917,0.7083333333333334,24
203,tabpfn,arrivals,13,normal,1.3968132985728035,0.8344827586206897,145
203,tabpfn,price_fast,1,all,0.23680633165774173,0.8611111111111112,180
203,tabpfn,price_fast,1,event,0.11596250248420799,1.0,9
203,tabpfn,price_fast,1,disrupted,0.2636018028639855,0.9428571428571428,35
203,tabpfn,price_fast,1,normal,0.23790745643967756,0.8308823529411765,136
203,tabpfn,price_fast,2,all,0.26565815721354924,0.85,180
203,tabpfn,price_fast,2,event,0.19582237187124393,0.7777777777777778,9
203,tabpfn,price_fast,2,disrupted,0.2887496561398906,1.0,34
203,tabpfn,price_fast,2,normal,0.2645151725754845,0.8175182481751825,137
203,tabpfn,price_fast,3,all,0.29140299971006195,0.8333333333333334,180
203,tabpfn,price_fast,3,event,0.20990415107101393,0.7777777777777778,9
203,tabpfn,price_fast,3,disrupted,0.31645056373485003,0.9696969696969697,33
203,tabpfn,price_fast,3,normal,0.2907285071371158,0.8043478260869565,138
203,tabpfn,price_fast,4,all,0.3078167486444725,0.8333333333333334,180
203,tabpfn,price_fast,4,event,0.231827729357269,0.7777777777777778,9
203,tabpfn,price_fast,4,disrupted,0.33279239031386443,1.0,32
203,tabpfn,price_fast,4,normal,0.30698711296220127,0.7985611510791367,139
203,tabpfn,price_fast,5,all,0.32368561906637683,0.8277777777777777,180
203,tabpfn,price_fast,5,event,0.23952274131688484,0.7777777777777778,9
203,tabpfn,price_fast,5,disrupted,0.3573679289910242,1.0,31
203,tabpfn,price_fast,5,normal,0.32163786400981514,0.7928571428571428,140
203,tabpfn,price_fast,6,all,0.3442506380851395,0.8055555555555556,180
203,tabpfn,price_fast,6,event,0.2603470175686779,0.7777777777777778,9
203,tabpfn,price_fast,6,disrupted,0.4071082864997931,1.0,31
203,tabpfn,price_fast,6,normal,0.3357259629693816,0.7642857142857142,140
203,tabpfn,price_fast,7,all,0.3593002221238242,0.8055555555555556,180
203,tabpfn,price_fast,7,event,0.245900452605975,0.7777777777777778,9
203,tabpfn,price_fast,7,disrupted,0.4283451930953478,0.9666666666666667,30
203,tabpfn,price_fast,7,normal,0.35184808592889455,0.7730496453900709,141
203,tabpfn,price_fast,8,all,0.37731762818169334,0.8111111111111111,180
203,tabpfn,price_fast,8,event,0.2484270740227747,0.8,10
203,tabpfn,price_fast,8,disrupted,0.43947740888306386,1.0,29
203,tabpfn,price_fast,8,normal,0.37367416648842694,0.7730496453900709,141
203,tabpfn,price_fast,9,all,0.3937009198840175,0.8166666666666667,180
203,tabpfn,price_fast,9,event,0.2961042825420944,0.8,10
203,tabpfn,price_fast,9,disrupted,0.4397115695083645,1.0,28
203,tabpfn,price_fast,9,normal,0.3915014000525915,0.7816901408450704,142
203,tabpfn,price_fast,10,all,0.40554386354178007,0.8,180
203,tabpfn,price_fast,10,event,0.28458310127604963,0.8,10
203,tabpfn,price_fast,10,disrupted,0.44989050643432854,0.9629629629629629,27
203,tabpfn,price_fast,10,normal,0.40562951574148987,0.7692307692307693,143
203,tabpfn,price_fast,11,all,0.4155321862972616,0.7888888888888889,180
203,tabpfn,price_fast,11,event,0.289456922049723,0.8,10
203,tabpfn,price_fast,11,disrupted,0.4599848268498234,1.0,26
203,tabpfn,price_fast,11,normal,0.4162612417702392,0.75,144
203,tabpfn,price_fast,12,all,0.42341118080347856,0.7722222222222223,180
203,tabpfn,price_fast,12,event,0.3351576179095459,0.8,10
203,tabpfn,price_fast,12,disrupted,0.49654511647037525,0.96,25
203,tabpfn,price_fast,12,normal,0.41688833416394006,0.7379310344827587,145
203,tabpfn,price_fast,13,all,0.4239264513408876,0.7666666666666667,180
203,tabpfn,price_fast,13,event,0.32779441159808054,0.8181818181818182,11
203,tabpfn,price_fast,13,disrupted,0.4963706416085681,0.9583333333333334,24
203,tabpfn,price_fast,13,normal,0.41922846424258786,0.7310344827586207,145
203,tabpfn,price_slow,1,all,0.18254917252086988,0.6444444444444445,180
203,tabpfn,price_slow,1,event,0.159733657841178,0.6666666666666666,9
203,tabpfn,price_slow,1,disrupted,0.16849707041647247,0.6571428571428571,35
203,tabpfn,price_slow,1,normal,0.18767537256330472,0.6397058823529411,136
203,tabpfn,price_slow,2,all,0.20038743319675384,0.6722222222222223,180
203,tabpfn,price_slow,2,event,0.19868741223771152,0.5555555555555556,9
203,tabpfn,price_slow,2,disrupted,0.18325054000280463,0.7352941176470589,34
203,tabpfn,price_slow,2,normal,0.20475206500132068,0.6642335766423357,137
203,tabpfn,price_slow,3,all,0.2113680127533251,0.7,180
203,tabpfn,price_slow,3,event,0.2052438759842491,0.6666666666666666,9
203,tabpfn,price_slow,3,disrupted,0.19764883963075458,0.7272727272727273,33
203,tabpfn,price_slow,3,normal,0.21504808481105345,0.6956521739130435,138
203,tabpfn,price_slow,4,all,0.21858336824106128,0.7444444444444445,180
203,tabpfn,price_slow,4,event,0.21485610564659752,0.5555555555555556,9
203,tabpfn,price_slow,4,disrupted,0.19908982041153833,0.78125,32
203,tabpfn,price_slow,4,normal,0.22331242503167215,0.7482014388489209,139
203,tabpfn,price_slow,5,all,0.2298895176168729,0.7444444444444445,180
203,tabpfn,price_slow,5,event,0.220702985901236,0.5555555555555556,9
203,tabpfn,price_slow,5,disrupted,0.22488803798771367,0.8709677419354839,31
203,tabpfn,price_slow,5,normal,0.23158755085933486,0.7285714285714285,140
203,tabpfn,price_slow,6,all,0.2420151159309005,0.7166666666666667,180
203,tabpfn,price_slow,6,event,0.20803181210546948,0.6666666666666666,9
203,tabpfn,price_slow,6,disrupted,0.23764575703922028,0.7741935483870968,31
203,tabpfn,price_slow,6,normal,0.24516725778855028,0.7071428571428572,140
203,tabpfn,price_slow,7,all,0.25587843120022813,0.7277777777777777,180
203,tabpfn,price_slow,7,event,0.2089284529472445,0.6666666666666666,9
203,tabpfn,price_slow,7,disrupted,0.25419184956341756,0.8333333333333334,30
203,tabpfn,price_slow,7,normal,0.25923408547952714,0.7092198581560284,141
203,tabpfn,price_slow,8,all,0.2688280268492093,0.7222222222222222,180
203,tabpfn,price_slow,8,event,0.22258460941415814,0.7,10
203,tabpfn,price_slow,8,disrupted,0.2614637851835645,0.8620689655172413,29
203,tabpfn,price_slow,8,normal,0.2736223331091683,0.6950354609929078,141
203,tabpfn,price_slow,9,all,0.2768425326709566,0.7,180
203,tabpfn,price_slow,9,event,0.2384011930275814,0.7,10
203,tabpfn,price_slow,9,disrupted,0.2748485196107345,0.8571428571428571,28
203,tabpfn,price_slow,9,normal,0.2799428549394071,0.6690140845070423,142
203,tabpfn,price_slow,10,all,0.28362287395109853,0.7111111111111111,180
203,tabpfn,price_slow,10,event,0.25712116759992076,0.7,10
203,tabpfn,price_slow,10,disrupted,0.27063908010977866,0.8518518518518519,27
203,tabpfn,price_slow,10,normal,0.28792762567996155,0.6853146853146853,143
203,tabpfn,price_slow,11,all,0.28773197748192064,0.7222222222222222,180
203,tabpfn,price_slow,11,event,0.24437157594742126,0.7,10
203,tabpfn,price_slow,11,disrupted,0.2722945981042387,0.9615384615384616,26
203,tabpfn,price_slow,11,normal,0.2935304210872312,0.6805555555555556,144
203,tabpfn,price_slow,12,all,0.2929991478497015,0.7166666666666667,180
203,tabpfn,price_slow,12,event,0.290625868558031,0.6,10
203,tabpfn,price_slow,12,disrupted,0.2744261236199272,0.92,25
203,tabpfn,price_slow,12,normal,0.29636506784046746,0.6896551724137931,145
203,tabpfn,price_slow,13,all,0.30092710342688644,0.7111111111111111,180
203,tabpfn,price_slow,13,event,0.27886541280406,0.6363636363636364,11
203,tabpfn,price_slow,13,disrupted,0.2985108204158316,0.9166666666666666,24
203,tabpfn,price_slow,13,normal,0.30300068542079267,0.6827586206896552,145
203,tabpfn,cap_fast,1,all,5.962086623922638,0.8388888888888889,180
203,tabpfn,cap_fast,1,event,1.9691242209609767,1.0,9
203,tabpfn,cap_fast,1,disrupted,10.710780878553512,0.6571428571428571,35
203,tabpfn,cap_fast,1,normal,5.004236349765097,0.875,136
203,tabpfn,cap_fast,2,all,6.4959154540482285,0.8555555555555555,180
203,tabpfn,cap_fast,2,event,1.9367358118753972,1.0,9
203,tabpfn,cap_fast,2,disrupted,12.520025826916923,0.7058823529411765,34
203,tabpfn,cap_fast,2,normal,5.300388914646914,0.8832116788321168,137
203,tabpfn,cap_fast,3,all,7.224427624766238,0.8666666666666667,180
203,tabpfn,cap_fast,3,event,2.039184169351526,1.0,9
203,tabpfn,cap_fast,3,disrupted,14.510890815125878,0.7272727272727273,33
203,tabpfn,cap_fast,3,normal,5.820180565468153,0.8913043478260869,138
203,tabpfn,cap_fast,4,all,7.772936375021126,0.8833333333333333,180
203,tabpfn,cap_fast,4,event,1.891364835096823,1.0,9
203,tabpfn,cap_fast,4,disrupted,16.18551059877793,0.75,32
203,tabpfn,cap_fast,4,normal,6.217049818899548,0.9064748201438849,139
203,tabpfn,cap_fast,5,all,8.406807275937046,0.8777777777777778,180
203,tabpfn,cap_fast,5,event,2.006655158990052,1.0,9
203,tabpfn,cap_fast,5,disrupted,17.76055130171793,0.7096774193548387,31
203,tabpfn,cap_fast,5,normal,6.747059449175015,0.9071428571428571,140
203,tabpfn,cap_fast,6,all,8.836848052965598,0.8722222222222222,180
203,tabpfn,cap_fast,6,event,2.2292993562547374,1.0,9
203,tabpfn,cap_fast,6,disrupted,18.730244892097684,0.6774193548387096,31
203,tabpfn,cap_fast,6,normal,7.070938311946334,0.9071428571428571,140
203,tabpfn,cap_fast,7,all,9.202383019070604,0.8722222222222222,180
203,tabpfn,cap_fast,7,event,1.8309983376457966,1.0,9
203,tabpfn,cap_fast,7,disrupted,18.70850852118609,0.7,30
203,tabpfn,cap_fast,7,normal,7.650317040839105,0.900709219858156,141
203,tabpfn,cap_fast,8,all,9.40675337901683,0.8722222222222222,180
203,tabpfn,cap_fast,8,event,1.8591522049698184,1.0,10
203,tabpfn,cap_fast,8,disrupted,19.177622660205873,0.6896551724137931,29
203,tabpfn,cap_fast,8,normal,7.932432829981284,0.900709219858156,141
203,tabpfn,cap_fast,9,all,9.599139928215754,0.8722222222222222,180
203,tabpfn,cap_fast,9,event,2.0740486552978425,1.0,10
203,tabpfn,cap_fast,9,disrupted,19.51794559223207,0.6785714285714286,28
203,tabpfn,cap_fast,9,normal,8.173255098192673,0.9014084507042254,142
203,tabpfn,cap_fast,10,all,9.763348228232529,0.8666666666666667,180
203,tabpfn,cap_fast,10,event,1.6422424724365143,1.0,10
203,tabpfn,cap_fast,10,disrupted,20.338938980540302,0.6296296296296297,27
203,tabpfn,cap_fast,10,normal,8.334467859320993,0.9020979020979021,143
203,tabpfn,cap_fast,11,all,9.967176136484076,0.8666666666666667,180
203,tabpfn,cap_fast,11,event,1.8106468608642488,1.0,10
203,tabpfn,cap_fast,11,disrupted,20.59553800292925,0.6153846153846154,26
203,tabpfn,cap_fast,11,normal,8.614591999182855,0.9027777777777778,144
203,tabpfn,cap_fast,12,all,10.243766027148142,0.8666666666666667,180
203,tabpfn,cap_fast,12,event,1.7004121269317083,1.0,10
203,tabpfn,cap_fast,12,disrupted,21.23277867165169,0.6,25
203,tabpfn,cap_fast,12,normal,8.938305495352113,0.903448275862069,145
203,tabpfn,cap_fast,13,all,10.39888589628441,0.8388888888888889,180
203,tabpfn,cap_fast,13,event,2.4766565035465233,1.0,11
203,tabpfn,cap_fast,13,disrupted,21.787381963200477,0.5,24
203,tabpfn,cap_fast,13,normal,9.114890156381865,0.8827586206896552,145
203,tabpfn,cap_slow,1,all,14.584417737949426,0.8888888888888888,180
203,tabpfn,cap_slow,1,event,7.265932998847729,1.0,9
203,tabpfn,cap_slow,1,disrupted,37.114281636957955,0.7428571428571429,35
203,tabpfn,cap_slow,1,normal,9.270602489321607,0.9191176470588235,136
203,tabpfn,cap_slow,2,all,16.252573758376315,0.8888888888888888,180
203,tabpfn,cap_slow,2,event,7.129480429945819,1.0,9
203,tabpfn,cap_slow,2,disrupted,40.69330669808579,0.7058823529411765,34
203,tabpfn,cap_slow,2,normal,10.786317700024144,0.927007299270073,137
203,tabpfn,cap_slow,3,all,17.459074722730282,0.9055555555555556,180
203,tabpfn,cap_slow,3,event,7.1362146008346325,1.0,9
203,tabpfn,cap_slow,3,disrupted,42.76011545088901,0.8181818181818182,33
203,tabpfn,cap_slow,3,normal,12.082055860902907,0.9202898550724637,138
203,tabpfn,cap_slow,4,all,18.284198826011902,0.9055555555555556,180
203,tabpfn,cap_slow,4,event,6.876440498729598,1.0,9
203,tabpfn,cap_slow,4,disrupted,42.55168992131922,0.78125,32
203,tabpfn,cap_slow,4,normal,13.43607012022562,0.9280575539568345,139
203,tabpfn,cap_slow,5,all,19.205749290511662,0.9055555555555556,180
203,tabpfn,cap_slow,5,event,7.127684979099466,1.0,9
203,tabpfn,cap_slow,5,disrupted,46.120209441554486,0.7741935483870968,31
203,tabpfn,cap_slow,5,normal,14.022565819942965,0.9285714285714286,140
203,tabpfn,cap_slow,6,all,21.194384997402082,0.9,180
203,tabpfn,cap_slow,6,event,7.512281061998771,1.0,9
203,tabpfn,cap_slow,6,disrupted,51.03967594175451,0.7741935483870968,31
203,tabpfn,cap_slow,6,normal,15.465348684142828,0.9214285714285714,140
203,tabpfn,cap_slow,7,all,21.965909437479848,0.9,180
203,tabpfn,cap_slow,7,event,7.470538101386792,1.0,9
203,tabpfn,cap_slow,7,disrupted,51.30404358144787,0.8333333333333334,30
203,tabpfn,cap_slow,7,normal,16.648989704896845,0.9078014184397163,141
203,tabpfn,cap_slow,8,all,22.466632563493498,0.8888888888888888,180
203,tabpfn,cap_slow,8,event,8.072455382944185,1.0,10
203,tabpfn,cap_slow,8,disrupted,50.28464908954869,0.8275862068965517,29
203,tabpfn,cap_slow,8,normal,17.766060170230325,0.8936170212765957,141
203,tabpfn,cap_slow,9,all,22.815394299300795,0.9,180
203,tabpfn,cap_slow,9,event,10.192464233041841,1.0,10
203,tabpfn,cap_slow,9,disrupted,48.17988427427516,0.9285714285714286,28
203,tabpfn,cap_slow,9,normal,18.70288430890155,0.8873239436619719,142
203,tabpfn,cap_slow,10,all,23.053244544767004,0.9,180
203,tabpfn,cap_slow,10,event,10.794415459381053,1.0,10
203,tabpfn,cap_slow,10,disrupted,46.05943068352593,0.9629629629629629,27
203,tabpfn,cap_slow,10,normal,19.56667996509825,0.8811188811188811,143
203,tabpfn,cap_slow,11,all,22.894093567542576,0.9166666666666666,180
203,tabpfn,cap_slow,11,event,12.017347893463086,1.0,10
203,tabpfn,cap_slow,11,disrupted,43.16111875998188,1.0,26
203,tabpfn,cap_slow,11,normal,19.99009913516322,0.8958333333333334,144
203,tabpfn,cap_slow,12,all,22.83137553496469,0.9111111111111111,180
203,tabpfn,cap_slow,12,event,14.109095903122391,1.0,10
203,tabpfn,cap_slow,12,disrupted,41.79544934644,1.0,25
203,tabpfn,cap_slow,12,normal,20.16324416276841,0.8896551724137931,145
203,tabpfn,cap_slow,13,all,22.937814789191098,0.9166666666666666,180
203,tabpfn,cap_slow,13,event,13.894665736639912,1.0,11
203,tabpfn,cap_slow,13,disrupted,40.97285977653605,1.0,24
203,tabpfn,cap_slow,13,normal,20.63873589182409,0.896551724137931,145
204,ridge,propensity,0,all,0.02481100570352593,0.7055555555555556,180
204,ridge,propensity,0,event,0.03933252472958003,0.5714285714285714,21
204,ridge,propensity,0,disrupted,0.02643368991614259,0.575,40
204,ridge,propensity,0,normal,0.022749537060144497,0.753968253968254,126
204,ridge,propensity,1,all,0.025208723336298512,0.7166666666666667,180
204,ridge,propensity,1,event,0.04223704381655152,0.5238095238095238,21
204,ridge,propensity,1,disrupted,0.026565296923154104,0.55,40
204,ridge,propensity,1,normal,0.023074812094805847,0.7777777777777778,126
204,ridge,propensity,2,all,0.025823554250670986,0.6833333333333333,180
204,ridge,propensity,2,event,0.04124561789883922,0.5714285714285714,21
204,ridge,propensity,2,disrupted,0.026860954130209135,0.55,40
204,ridge,propensity,2,normal,0.023928748489644533,0.7301587301587301,126
204,ridge,propensity,3,all,0.025783001218855853,0.6833333333333333,180
204,ridge,propensity,3,event,0.03974658662265617,0.5714285714285714,21
204,ridge,propensity,3,disrupted,0.026680590180063413,0.575,40
204,ridge,propensity,3,normal,0.0241267613627862,0.7222222222222222,126
204,ridge,propensity,4,all,0.026413217930921284,0.6611111111111111,180
204,ridge,propensity,4,event,0.03946893814239019,0.47619047619047616,21
204,ridge,propensity,4,disrupted,0.027039881952137256,0.6,40
204,ridge,propensity,4,normal,0.024836267349233172,0.6984126984126984,126
204,ridge,propensity,5,all,0.026543726280279775,0.6666666666666666,180
204,ridge,propensity,5,event,0.039174091822754796,0.5238095238095238,21
204,ridge,propensity,5,disrupted,0.027087796253998375,0.575,40
204,ridge,propensity,5,normal,0.024956638987959044,0.6984126984126984,126
204,ridge,propensity,6,all,0.026746127549725576,0.6722222222222223,180
204,ridge,propensity,6,event,0.03966251003674922,0.5714285714285714,21
204,ridge,propensity,6,disrupted,0.027321159750698515,0.55,40
204,ridge,propensity,6,normal,0.025271498241381335,0.7142857142857143,126
204,ridge,propensity,7,all,0.027179918760889973,0.6611111111111111,180
204,ridge,propensity,7,event,0.040848570100416176,0.5714285714285714,21
204,ridge,propensity,7,disrupted,0.028330244040350692,0.55,40
204,ridge,propensity,7,normal,0.025368575943435397,0.6984126984126984,126
204,ridge,propensity,8,all,0.027121682151363333,0.6555555555555556,180
204,ridge,propensity,8,event,0.04067391410629578,0.5238095238095238,21
204,ridge,propensity,8,disrupted,0.028314980113327802,0.55,40
204,ridge,propensity,8,normal,0.025350604174495348,0.6904761904761905,126
204,ridge,propensity,9,all,0.027136106321496198,0.6388888888888888,180
204,ridge,propensity,9,event,0.04067500671274869,0.47619047619047616,21
204,ridge,propensity,9,disrupted,0.028932063163136734,0.525,40
204,ridge,propensity,9,normal,0.02516644604552403,0.6746031746031746,126
204,ridge,propensity,10,all,0.02711840700638493,0.6666666666666666,180
204,ridge,propensity,10,event,0.04264149168554628,0.5714285714285714,21
204,ridge,propensity,10,disrupted,0.027715317178737396,0.725,40
204,ridge,propensity,10,normal,0.025417538057980287,0.6507936507936508,126
204,ridge,propensity,11,all,0.02647781867157106,0.6777777777777778,180
204,ridge,propensity,11,event,0.040310918460516335,0.6190476190476191,21
204,ridge,propensity,11,disrupted,0.02612557859302684,0.7,40
204,ridge,propensity,11,normal,0.025140116206215275,0.6746031746031746,126
204,ridge,propensity,12,all,0.02684287715327814,0.6888888888888889,180
204,ridge,propensity,12,event,0.04469754866529867,0.55,20
204,ridge,propensity,12,disrupted,0.02587527811028134,0.65,40
204,ridge,propensity,12,normal,0.025327234620771518,0.7086614173228346,127
204,ridge,propensity,13,all,0.026826941359375252,0.6555555555555556,180
204,ridge,propensity,13,event,0.046284948988051536,0.5263157894736842,19
204,ridge,propensity,13,disrupted,0.026548384144828196,0.675,40
204,ridge,propensity,13,normal,0.02511188755985546,0.65625,128
204,ridge,arrivals,0,all,1.6954805290863868,0.7055555555555556,180
204,ridge,arrivals,0,event,2.000372650151851,0.6666666666666666,21
204,ridge,arrivals,0,disrupted,2.3170981137227864,0.5,40
204,ridge,arrivals,0,normal,1.513740014334504,0.7619047619047619,126
204,ridge,arrivals,1,all,1.731090132117527,0.75,180
204,ridge,arrivals,1,event,1.9869925138012174,0.7142857142857143,21
204,ridge,arrivals,1,disrupted,2.3817662908399715,0.55,40
204,ridge,arrivals,1,normal,1.5487675180470217,0.8015873015873016,126
204,ridge,arrivals,2,all,1.7366454759493861,0.7555555555555555,180
204,ridge,arrivals,2,event,1.9903599179362157,0.6666666666666666,21
204,ridge,arrivals,2,disrupted,2.433346201156204,0.625,40
204,ridge,arrivals,2,normal,1.5522717734838969,0.7936507936507936,126
204,ridge,arrivals,3,all,1.747096863503331,0.75,180
204,ridge,arrivals,3,event,1.89701419806965,0.6666666666666666,21
204,ridge,arrivals,3,disrupted,2.4160290837589735,0.6,40
204,ridge,arrivals,3,normal,1.577278869647054,0.7936507936507936,126
204,ridge,arrivals,4,all,1.7791983082189209,0.7055555555555556,180
204,ridge,arrivals,4,event,1.9151376837347347,0.6190476190476191,21
204,ridge,arrivals,4,disrupted,2.4336062867449617,0.525,40
204,ridge,arrivals,4,normal,1.617346286620209,0.753968253968254,126
204,ridge,arrivals,5,all,1.8213065433373736,0.7,180
204,ridge,arrivals,5,event,1.8582879347309678,0.6190476190476191,21
204,ridge,arrivals,5,disrupted,2.5004551906427372,0.425,40
204,ridge,arrivals,5,normal,1.6585131701421123,0.7777777777777778,126
204,ridge,arrivals,6,all,1.795768708979125,0.6944444444444444,180
204,ridge,arrivals,6,event,1.843296043404457,0.6666666666666666,21
204,ridge,arrivals,6,disrupted,2.4591011219977923,0.475,40
204,ridge,arrivals,6,normal,1.6351687059274271,0.753968253968254,126
204,ridge,arrivals,7,all,1.7630940523122718,0.7166666666666667,180
204,ridge,arrivals,7,event,1.8586851071564061,0.7142857142857143,21
204,ridge,arrivals,7,disrupted,2.378509715758765,0.525,40
204,ridge,arrivals,7,normal,1.6077116244459206,0.7698412698412699,126
204,ridge,arrivals,8,all,1.761037461378753,0.7333333333333333,180
204,ridge,arrivals,8,event,1.9004665195008223,0.7619047619047619,21
204,ridge,arrivals,8,disrupted,2.3718164016643746,0.575,40
204,ridge,arrivals,8,normal,1.6040395505078957,0.7698412698412699,126
204,ridge,arrivals,9,all,1.771848832358698,0.7277777777777777,180
204,ridge,arrivals,9,event,2.038056553183323,0.6666666666666666,21
204,ridge,arrivals,9,disrupted,2.3853946524194987,0.575,40
204,ridge,arrivals,9,normal,1.6012808631028725,0.7698412698412699,126
204,ridge,arrivals,10,all,1.807581566714405,0.7388888888888889,180
204,ridge,arrivals,10,event,1.980702852089639,0.7142857142857143,21
204,ridge,arrivals,10,disrupted,2.353489730172517,0.625,40
204,ridge,arrivals,10,normal,1.6672213020311968,0.7698412698412699,126
204,ridge,arrivals,11,all,1.818651945813979,0.7333333333333333,180
204,ridge,arrivals,11,event,1.9226710793340185,0.7142857142857143,21
204,ridge,arrivals,11,disrupted,2.2269356410825054,0.65,40
204,ridge,arrivals,11,normal,1.7227175604690397,0.753968253968254,126
204,ridge,arrivals,12,all,1.7985531644635917,0.7277777777777777,180
204,ridge,arrivals,12,event,1.9699872483091383,0.7,20
204,ridge,arrivals,12,disrupted,2.140636510550565,0.625,40
204,ridge,arrivals,12,normal,1.7136617791914297,0.7559055118110236,127
204,ridge,arrivals,13,all,1.7969257986145066,0.75,180
204,ridge,arrivals,13,event,1.9215996238100537,0.7368421052631579,19
204,ridge,arrivals,13,disrupted,2.125120806176121,0.65,40
204,ridge,arrivals,13,normal,1.7277294764652802,0.7734375,128
204,ridge,price_fast,1,all,0.29077318222038073,0.6666666666666666,180
204,ridge,price_fast,1,event,0.3223002770680498,0.7619047619047619,21
204,ridge,price_fast,1,disrupted,0.639304432694585,0.225,40
204,ridge,price_fast,1,normal,0.19303309729002055,0.7777777777777778,126
204,ridge,price_fast,2,all,0.298125548866897,0.6666666666666666,180
204,ridge,price_fast,2,event,0.33595773589220873,0.7142857142857143,21
204,ridge,price_fast,2,disrupted,0.6560092138438284,0.2,40
204,ridge,price_fast,2,normal,0.19723326610651812,0.7857142857142857,126
204,ridge,price_fast,3,all,0.3036787818320592,0.6777777777777778,180
204,ridge,price_fast,3,event,0.3551690647639158,0.6666666666666666,21
204,ridge,price_fast,3,disrupted,0.6582941617635559,0.25,40
204,ridge,price_fast,3,normal,0.2020101256603873,0.7936507936507936,126
204,ridge,price_fast,4,all,0.30806388666296597,0.6722222222222223,180
204,ridge,price_fast,4,event,0.3556770430806413,0.7142857142857143,21
204,ridge,price_fast,4,disrupted,0.6709276321605885,0.25,40
204,ridge,price_fast,4,normal,0.20374536231931115,0.7857142857142857,126
204,ridge,price_fast,5,all,0.3180629162840823,0.6722222222222223,180
204,ridge,price_fast,5,event,0.3553312149918929,0.7619047619047619,21
204,ridge,price_fast,5,disrupted,0.6945202349934181,0.25,40
204,ridge,price_fast,5,normal,0.2108208223609505,0.7777777777777778,126
204,ridge,price_fast,6,all,0.3283638594176339,0.6666666666666666,180
204,ridge,price_fast,6,event,0.3848664064035813,0.7142857142857143,21
204,ridge,price_fast,6,disrupted,0.7210692394911448,0.225,40
204,ridge,price_fast,6,normal,0.21691471063655532,0.7777777777777778,126
204,ridge,price_fast,7,all,0.3428606834675414,0.6444444444444445,180
204,ridge,price_fast,7,event,0.3837784691405625,0.7142857142857143,21
204,ridge,price_fast,7,disrupted,0.751093990126483,0.175,40
204,ridge,price_fast,7,normal,0.22759354879492694,0.7619047619047619,126
204,ridge,price_fast,8,all,0.3548517233690832,0.65,180
204,ridge,price_fast,8,event,0.39775000296219737,0.6666666666666666,21
204,ridge,price_fast,8,disrupted,0.7747858449908548,0.125,40
204,ridge,price_fast,8,normal,0.23639258149597592,0.7857142857142857,126
204,ridge,price_fast,9,all,0.3627440278735624,0.6388888888888888,180
204,ridge,price_fast,9,event,0.42301546200239587,0.6666666666666666,21
204,ridge,price_fast,9,disrupted,0.7813140039640653,0.175,40
204,ridge,price_fast,9,normal,0.24329900472609275,0.753968253968254,126
204,ridge,price_fast,10,all,0.37107269033974843,0.65,180
204,ridge,price_fast,10,event,0.42394147750273464,0.6666666666666666,21
204,ridge,price_fast,10,disrupted,0.780004644012276,0.2,40
204,ridge,price_fast,10,normal,0.2556137451940246,0.7619047619047619,126
204,ridge,price_fast,11,all,0.37517423636937935,0.6333333333333333,180
204,ridge,price_fast,11,event,0.42098260296611384,0.6666666666666666,21
204,ridge,price_fast,11,disrupted,0.7931582548807227,0.175,40
204,ridge,price_fast,11,normal,0.25771184870817343,0.753968253968254,126
204,ridge,price_fast,12,all,0.38101185292124967,0.6222222222222222,180
204,ridge,price_fast,12,event,0.42176408640557544,0.75,20
204,ridge,price_fast,12,disrupted,0.8002951898575189,0.175,40
204,ridge,price_fast,12,normal,0.2634523644191781,0.7322834645669292,127
204,ridge,price_fast,13,all,0.3881319489961819,0.6166666666666667,180
204,ridge,price_fast,13,event,0.46111217776633645,0.631578947368421,19
204,ridge,price_fast,13,disrupted,0.808235994655685,0.15,40
204,ridge,price_fast,13,normal,0.2699106482884772,0.7421875,128
204,ridge,price_slow,1,all,0.16726967445840188,0.8333333333333334,180
204,ridge,price_slow,1,event,0.15784649870968348,0.7619047619047619,21
204,ridge,price_slow,1,disrupted,0.2536144907252097,0.575,40
204,ridge,price_slow,1,normal,0.1445634070349132,0.9047619047619048,126
204,ridge,price_slow,2,all,0.17833309371981937,0.8222222222222222,180
204,ridge,price_slow,2,event,0.18104563492752584,0.7619047619047619,21
204,ridge,price_slow,2,disrupted,0.27716140682834184,0.475,40
204,ridge,price_slow,2,normal,0.1504689231590509,0.9206349206349206,126
204,ridge,price_slow,3,all,0.18992080968395458,0.8055555555555556,180
204,ridge,price_slow,3,event,0.20500884074267392,0.7142857142857143,21
204,ridge,price_slow,3,disrupted,0.29987729011998987,0.5,40
204,ridge,price_slow,3,normal,0.1578831144657591,0.8968253968253969,126
204,ridge,price_slow,4,all,0.19649519840053387,0.8,180
204,ridge,price_slow,4,event,0.21782507369839033,0.7142857142857143,21
204,ridge,price_slow,4,disrupted,0.3267822409914962,0.475,40
204,ridge,price_slow,4,normal,0.1578060397106564,0.8968253968253969,126
204,ridge,price_slow,5,all,0.20408741489768506,0.7777777777777778,180
204,ridge,price_slow,5,event,0.22420439678595946,0.6666666666666666,21
204,ridge,price_slow,5,disrupted,0.34564000576984527,0.475,40
204,ridge,price_slow,5,normal,0.1618825534857549,0.873015873015873,126
204,ridge,price_slow,6,all,0.21059390019525018,0.7722222222222223,180
204,ridge,price_slow,6,event,0.2295087782228673,0.6666666666666666,21
204,ridge,price_slow,6,disrupted,0.3646910303694275,0.425,40
204,ridge,price_slow,6,normal,0.1647574529633436,0.8809523809523809,126
204,ridge,price_slow,7,all,0.21794784181802573,0.75,180
204,ridge,price_slow,7,event,0.23361367366365302,0.6190476190476191,21
204,ridge,price_slow,7,disrupted,0.3787440399897489,0.475,40
204,ridge,price_slow,7,normal,0.17027906323758504,0.8412698412698413,126
204,ridge,price_slow,8,all,0.22172965934297223,0.7722222222222223,180
204,ridge,price_slow,8,event,0.24078043516460165,0.6190476190476191,21
204,ridge,price_slow,8,disrupted,0.39149886174850973,0.45,40
204,ridge,price_slow,8,normal,0.17098611732607213,0.8809523809523809,126
204,ridge,price_slow,9,all,0.2244004930195773,0.7611111111111111,180
204,ridge,price_slow,9,event,0.260127387345864,0.6666666666666666,21
204,ridge,price_slow,9,disrupted,0.40275878199775283,0.425,40
204,ridge,price_slow,9,normal,0.17001612771160673,0.873015873015873,126
204,ridge,price_slow,10,all,0.23012104320920213,0.7277777777777777,180
204,ridge,price_slow,10,event,0.274965638605953,0.6190476190476191,21
204,ridge,price_slow,10,disrupted,0.40383579465130837,0.475,40
204,ridge,price_slow,10,normal,0.17644513729696834,0.8174603174603174,126
204,ridge,price_slow,11,all,0.23683182776809095,0.7444444444444445,180
204,ridge,price_slow,11,event,0.29646840235234945,0.6190476190476191,21
204,ridge,price_slow,11,disrupted,0.40395027575171377,0.45,40
204,ridge,price_slow,11,normal,0.18364191800092425,0.8492063492063492,126
204,ridge,price_slow,12,all,0.24697517493307874,0.75,180
204,ridge,price_slow,12,event,0.3202135779605663,0.65,20
204,ridge,price_slow,12,disrupted,0.412843760601346,0.475,40
204,ridge,price_slow,12,normal,0.19191603164232296,0.8503937007874016,127
204,ridge,price_slow,13,all,0.25467643976515364,0.7666666666666667,180
204,ridge,price_slow,13,event,0.3452716724711681,0.631578947368421,19
204,ridge,price_slow,13,disrupted,0.41604581089870296,0.475,40
204,ridge,price_slow,13,normal,0.20049876521263799,0.8671875,128
204,ridge,cap_fast,1,all,10.578933782436371,0.8444444444444444,180
204,ridge,cap_fast,1,event,12.553902684802525,0.7142857142857143,21
204,ridge,cap_fast,1,disrupted,10.572359186808004,0.85,40
204,ridge,cap_fast,1,normal,10.297114582588197,0.8650793650793651,126
204,ridge,cap_fast,2,all,10.675751809648176,0.8555555555555555,180
204,ridge,cap_fast,2,event,12.534782433611781,0.8095238095238095,21
204,ridge,cap_fast,2,disrupted,10.740785727783742,0.8,40
204,ridge,cap_fast,2,normal,10.390516023354163,0.8809523809523809,126
204,ridge,cap_fast,3,all,10.69315843009222,0.8888888888888888,180
204,ridge,cap_fast,3,event,12.355799918704081,0.8571428571428571,21
204,ridge,cap_fast,3,disrupted,10.677094577421638,0.8,40
204,ridge,cap_fast,3,normal,10.503177022335908,0.9126984126984127,126
204,ridge,cap_fast,4,all,10.856653734044816,0.8722222222222222,180
204,ridge,cap_fast,4,event,11.84372328631965,0.9047619047619048,21
204,ridge,cap_fast,4,disrupted,10.630371103772628,0.775,40
204,ridge,cap_fast,4,normal,10.840530118887376,0.8968253968253969,126
204,ridge,cap_fast,5,all,10.817854955040568,0.8722222222222222,180
204,ridge,cap_fast,5,event,10.987794672854585,0.9047619047619048,21
204,ridge,cap_fast,5,disrupted,10.764328776435896,0.775,40
204,ridge,cap_fast,5,normal,10.89462447367688,0.8888888888888888,126
204,ridge,cap_fast,6,all,10.68106914245757,0.8833333333333333,180
204,ridge,cap_fast,6,event,10.264459699002996,0.9047619047619048,21
204,ridge,cap_fast,6,disrupted,10.92237341189499,0.75,40
204,ridge,cap_fast,6,normal,10.784425307778523,0.9126984126984127,126
204,ridge,cap_fast,7,all,10.920712639391061,0.8888888888888888,180
204,ridge,cap_fast,7,event,10.835379454477712,0.9047619047619048,21
204,ridge,cap_fast,7,disrupted,11.42109316014499,0.75,40
204,ridge,cap_fast,7,normal,10.921069810679356,0.9206349206349206,126
204,ridge,cap_fast,8,all,10.94512132621773,0.8833333333333333,180
204,ridge,cap_fast,8,event,11.018817582064443,0.8571428571428571,21
204,ridge,cap_fast,8,disrupted,11.342863714846406,0.725,40
204,ridge,cap_fast,8,normal,10.857908245346678,0.9206349206349206,126
204,ridge,cap_fast,9,all,10.993318804933507,0.8888888888888888,180
204,ridge,cap_fast,9,event,10.527978446765982,0.8571428571428571,21
204,ridge,cap_fast,9,disrupted,11.738946546583133,0.7,40
204,ridge,cap_fast,9,normal,10.853298188711344,0.9365079365079365,126
204,ridge,cap_fast,10,all,11.154633004994992,0.8888888888888888,180
204,ridge,cap_fast,10,event,9.989096110103262,0.9047619047619048,21
204,ridge,cap_fast,10,disrupted,11.84172339781757,0.7,40
204,ridge,cap_fast,10,normal,11.110577734153678,0.9365079365079365,126
204,ridge,cap_fast,11,all,11.270622106415892,0.9166666666666666,180
204,ridge,cap_fast,11,event,9.306504309591048,0.9047619047619048,21
204,ridge,cap_fast,11,disrupted,11.848776167439928,0.725,40
204,ridge,cap_fast,11,normal,11.347630933172338,0.9682539682539683,126
204,ridge,cap_fast,12,all,11.166234822605437,0.8944444444444445,180
204,ridge,cap_fast,12,event,9.898897943892683,0.9,20
204,ridge,cap_fast,12,disrupted,11.646471358155294,0.775,40
204,ridge,cap_fast,12,normal,11.206726212472928,0.9291338582677166,127
204,ridge,cap_fast,13,all,11.231861576178868,0.8944444444444445,180
204,ridge,cap_fast,13,event,10.950904529334172,0.8421052631578947,19
204,ridge,cap_fast,13,disrupted,11.91005988642067,0.775,40
204,ridge,cap_fast,13,normal,11.178795660071223,0.9296875,128
204,ridge,cap_slow,1,all,32.114569393531816,0.7111111111111111,180
204,ridge,cap_slow,1,event,42.200815219558535,0.5714285714285714,21
204,ridge,cap_slow,1,disrupted,93.05488151586471,0.325,40
204,ridge,cap_slow,1,normal,14.549192652475284,0.8412698412698413,126
204,ridge,cap_slow,2,all,32.61551477579698,0.7333333333333333,180
204,ridge,cap_slow,2,event,41.63210178274971,0.6190476190476191,21
204,ridge,cap_slow,2,disrupted,94.08691409262978,0.35,40
204,ridge,cap_slow,2,normal,14.981935680856248,0.8571428571428571,126
204,ridge,cap_slow,3,all,32.89978223095367,0.7,180
204,ridge,cap_slow,3,event,41.704283470180044,0.5714285714285714,21
204,ridge,cap_slow,3,disrupted,94.44364877418079,0.3,40
204,ridge,cap_slow,3,normal,15.195134390537284,0.8333333333333334,126
204,ridge,cap_slow,4,all,33.06329851943663,0.7,180
204,ridge,cap_slow,4,event,41.840613409446924,0.6190476190476191,21
204,ridge,cap_slow,4,disrupted,94.96438130426648,0.3,40
204,ridge,cap_slow,4,normal,15.267301592273036,0.8253968253968254,126
204,ridge,cap_slow,5,all,33.37372940767072,0.7222222222222222,180
204,ridge,cap_slow,5,event,41.83519053009373,0.6190476190476191,21
204,ridge,cap_slow,5,disrupted,95.957289429734,0.375,40
204,ridge,cap_slow,5,normal,15.39199958163245,0.8333333333333334,126
204,ridge,cap_slow,6,all,33.811327762406535,0.7166666666666667,180
204,ridge,cap_slow,6,event,42.92062298039186,0.6190476190476191,21
204,ridge,cap_slow,6,disrupted,96.80114581412097,0.35,40
204,ridge,cap_slow,6,normal,15.807747566496934,0.8333333333333334,126
204,ridge,cap_slow,7,all,34.04139995448422,0.7,180
204,ridge,cap_slow,7,event,42.66307504969518,0.6190476190476191,21
204,ridge,cap_slow,7,disrupted,97.57173545288944,0.375,40
204,ridge,cap_slow,7,normal,15.908016865869927,0.8015873015873016,126
204,ridge,cap_slow,8,all,34.46582486851702,0.7055555555555556,180
204,ridge,cap_slow,8,event,44.451660304940646,0.6666666666666666,21
204,ridge,cap_slow,8,disrupted,98.48575806238924,0.375,40
204,ridge,cap_slow,8,normal,16.155980998107907,0.8015873015873016,126
204,ridge,cap_slow,9,all,34.600789956432045,0.7,180
204,ridge,cap_slow,9,event,44.68849684398998,0.6666666666666666,21
204,ridge,cap_slow,9,disrupted,98.89984775047199,0.375,40
204,ridge,cap_slow,9,normal,16.11199103820198,0.7936507936507936,126
204,ridge,cap_slow,10,all,34.69344670553424,0.6888888888888889,180
204,ridge,cap_slow,10,event,43.88394202296077,0.6190476190476191,21
204,ridge,cap_slow,10,disrupted,99.46824934816229,0.35,40
204,ridge,cap_slow,10,normal,16.172056309853442,0.7936507936507936,126
204,ridge,cap_slow,11,all,34.90324188249483,0.6888888888888889,180
204,ridge,cap_slow,11,event,43.076220898283715,0.7142857142857143,21
204,ridge,cap_slow,11,disrupted,100.11272118969501,0.35,40
204,ridge,cap_slow,11,normal,16.306826653350925,0.7777777777777778,126
204,ridge,cap_slow,12,all,35.14298655051347,0.7,180
204,ridge,cap_slow,12,event,42.75224753991806,0.7,20
204,ridge,cap_slow,12,disrupted,100.59113731008304,0.4,40
204,ridge,cap_slow,12,normal,16.567802097188835,0.7874015748031497,127
204,ridge,cap_slow,13,all,35.35417691534589,0.6888888888888889,180
204,ridge,cap_slow,13,event,45.92246983805998,0.6842105263157895,19
204,ridge,cap_slow,13,disrupted,101.30112169611317,0.375,40
204,ridge,cap_slow,13,normal,16.678104098513195,0.7734375,128
204,gbm,propensity,0,all,0.021250713109347806,0.7444444444444445,180
204,gbm,propensity,0,event,0.02879950216493084,0.6666666666666666,21
204,gbm,propensity,0,disrupted,0.020017245968090683,0.725,40
204,gbm,propensity,0,normal,0.0203648881752683,0.7698412698412699,126
204,gbm,propensity,1,all,0.021103520685734685,0.7277777777777777,180
204,gbm,propensity,1,event,0.02835836777959167,0.6666666666666666,21
204,gbm,propensity,1,disrupted,0.019866649538640594,0.75,40
204,gbm,propensity,1,normal,0.02027827970168258,0.7380952380952381,126
204,gbm,propensity,2,all,0.021529401643619828,0.7222222222222222,180
204,gbm,propensity,2,event,0.031231023209364835,0.7142857142857143,21
204,gbm,propensity,2,disrupted,0.019286532865914193,0.725,40
204,gbm,propensity,2,normal,0.02049079214369344,0.7301587301587301,126
204,gbm,propensity,3,all,0.021637573867668486,0.7277777777777777,180
204,gbm,propensity,3,event,0.03069203974784555,0.7142857142857143,21
204,gbm,propensity,3,disrupted,0.01885435275386531,0.75,40
204,gbm,propensity,3,normal,0.020892498852624064,0.7301587301587301,126
204,gbm,propensity,4,all,0.022640963677037114,0.7222222222222222,180
204,gbm,propensity,4,event,0.032523250678926856,0.7142857142857143,21
204,gbm,propensity,4,disrupted,0.020423976240326328,0.775,40
204,gbm,propensity,4,normal,0.021888591991015987,0.7142857142857143,126
204,gbm,propensity,5,all,0.022818007580003602,0.7333333333333333,180
204,gbm,propensity,5,event,0.03158694203512284,0.7142857142857143,21
204,gbm,propensity,5,disrupted,0.01997510284503189,0.75,40
204,gbm,propensity,5,normal,0.02229070090944627,0.7380952380952381,126
204,gbm,propensity,6,all,0.02260522985243907,0.7555555555555555,180
204,gbm,propensity,6,event,0.02918896304266161,0.7142857142857143,21
204,gbm,propensity,6,disrupted,0.020904824275703063,0.775,40
204,gbm,propensity,6,normal,0.022107395067151793,0.753968253968254,126
204,gbm,propensity,7,all,0.022989110451010063,0.7222222222222222,180
204,gbm,propensity,7,event,0.029718927981302257,0.6666666666666666,21
204,gbm,propensity,7,disrupted,0.020989686605971246,0.725,40
204,gbm,propensity,7,normal,0.022605060041119694,0.7301587301587301,126
204,gbm,propensity,8,all,0.022938909596752807,0.7388888888888889,180
204,gbm,propensity,8,event,0.029320278262629913,0.6666666666666666,21
204,gbm,propensity,8,disrupted,0.020778429202921077,0.75,40
204,gbm,propensity,8,normal,0.022631804684467773,0.746031746031746,126
204,gbm,propensity,9,all,0.023235099268849955,0.7444444444444445,180
204,gbm,propensity,9,event,0.03339511564806948,0.6666666666666666,21
204,gbm,propensity,9,disrupted,0.021781645988525736,0.775,40
204,gbm,propensity,9,normal,0.022283214960103662,0.746031746031746,126
204,gbm,propensity,10,all,0.02270558146380299,0.7611111111111111,180
204,gbm,propensity,10,event,0.03295509783798943,0.6666666666666666,21
204,gbm,propensity,10,disrupted,0.020940504816968773,0.775,40
204,gbm,propensity,10,normal,0.02177632842544009,0.7698412698412699,126
204,gbm,propensity,11,all,0.023081726544600754,0.7611111111111111,180
204,gbm,propensity,11,event,0.03376935058918199,0.6666666666666666,21
204,gbm,propensity,11,disrupted,0.020607607061534625,0.8,40
204,gbm,propensity,11,normal,0.022323988511177218,0.7619047619047619,126
204,gbm,propensity,12,all,0.023222737038086087,0.7555555555555555,180
204,gbm,propensity,12,event,0.03549589837589708,0.65,20
204,gbm,propensity,12,disrupted,0.02004028704643876,0.825,40
204,gbm,propensity,12,normal,0.022468419223153614,0.7480314960629921,127
204,gbm,propensity,13,all,0.022916178663393422,0.75,180
204,gbm,propensity,13,event,0.03681253363460884,0.5789473684210527,19
204,gbm,propensity,13,disrupted,0.020332837864961734,0.8,40
204,gbm,propensity,13,normal,0.021992678934638625,0.75,128
204,gbm,arrivals,0,all,1.6696176144742663,0.7166666666666667,180
204,gbm,arrivals,0,event,1.9418254689591203,0.5714285714285714,21
204,gbm,arrivals,0,disrupted,1.830537027541594,0.75,40
204,gbm,arrivals,0,normal,1.60668139213883,0.7142857142857143,126
204,gbm,arrivals,1,all,1.7151861867952498,0.7444444444444445,180
204,gbm,arrivals,1,event,1.961833240630799,0.6666666666666666,21
204,gbm,arrivals,1,disrupted,1.9870657022828055,0.7,40
204,gbm,arrivals,1,normal,1.6299183369845158,0.753968253968254,126
204,gbm,arrivals,2,all,1.7851075649193693,0.7388888888888889,180
204,gbm,arrivals,2,event,1.9678068043120152,0.7619047619047619,21
204,gbm,arrivals,2,disrupted,2.0214863012597775,0.7,40
204,gbm,arrivals,2,normal,1.7142234812264996,0.7380952380952381,126
204,gbm,arrivals,3,all,1.823436125281274,0.7277777777777777,180
204,gbm,arrivals,3,event,2.058844190529653,0.7142857142857143,21
204,gbm,arrivals,3,disrupted,2.1119956806585,0.65,40
204,gbm,arrivals,3,normal,1.7314526522350553,0.746031746031746,126
204,gbm,arrivals,4,all,1.8791554203339633,0.7388888888888889,180
204,gbm,arrivals,4,event,1.9960767366534757,0.7619047619047619,21
204,gbm,arrivals,4,disrupted,2.2213963689293084,0.7,40
204,gbm,arrivals,4,normal,1.7885888113537987,0.7380952380952381,126
204,gbm,arrivals,5,all,1.8922085747759947,0.7277777777777777,180
204,gbm,arrivals,5,event,2.014740151246399,0.7142857142857143,21
204,gbm,arrivals,5,disrupted,2.2933607495919994,0.65,40
204,gbm,arrivals,5,normal,1.7774160064429922,0.746031746031746,126
204,gbm,arrivals,6,all,1.8555257430159295,0.7333333333333333,180
204,gbm,arrivals,6,event,2.0266605756526976,0.6190476190476191,21
204,gbm,arrivals,6,disrupted,2.33127695667472,0.625,40
204,gbm,arrivals,6,normal,1.7001037902135145,0.7777777777777778,126
204,gbm,arrivals,7,all,1.8202545552097136,0.7277777777777777,180
204,gbm,arrivals,7,event,2.0259763000761373,0.6190476190476191,21
204,gbm,arrivals,7,disrupted,2.2588856629482104,0.625,40
204,gbm,arrivals,7,normal,1.6714932764226924,0.7698412698412699,126
204,gbm,arrivals,8,all,1.773476889926876,0.7444444444444445,180
204,gbm,arrivals,8,event,2.022822880185191,0.6666666666666666,21
204,gbm,arrivals,8,disrupted,2.202591592099668,0.65,40
204,gbm,arrivals,8,normal,1.622710394438352,0.7777777777777778,126
204,gbm,arrivals,9,all,1.7366681354397995,0.75,180
204,gbm,arrivals,9,event,2.044668259139061,0.6666666666666666,21
204,gbm,arrivals,9,disrupted,2.1733554330467033,0.675,40
204,gbm,arrivals,9,normal,1.5817600311873203,0.7777777777777778,126
204,gbm,arrivals,10,all,1.7640153026975547,0.75,180
204,gbm,arrivals,10,event,1.9726448591994976,0.6666666666666666,21
204,gbm,arrivals,10,disrupted,2.16251359524718,0.675,40
204,gbm,arrivals,10,normal,1.6215911635554248,0.7857142857142857,126
204,gbm,arrivals,11,all,1.725656782679227,0.7555555555555555,180
204,gbm,arrivals,11,event,2.0176019432307273,0.7142857142857143,21
204,gbm,arrivals,11,disrupted,2.007972738492395,0.7,40
204,gbm,arrivals,11,normal,1.606807851836474,0.7777777777777778,126
204,gbm,arrivals,12,all,1.7226522644499125,0.7333333333333333,180
204,gbm,arrivals,12,event,2.0130478689798,0.65,20
204,gbm,arrivals,12,disrupted,1.9315743135241892,0.675,40
204,gbm,arrivals,12,normal,1.6340804982518327,0.7637795275590551,127
204,gbm,arrivals,13,all,1.733638005562826,0.7555555555555555,180
204,gbm,arrivals,13,event,1.9731601050762673,0.7894736842105263,19
204,gbm,arrivals,13,disrupted,1.9411265298466247,0.675,40
204,gbm,arrivals,13,normal,1.665525367000268,0.7734375,128
204,gbm,price_fast,1,all,0.3084005826830726,0.7222222222222222,180
204,gbm,price_fast,1,event,0.336893985390781,0.7142857142857143,21
204,gbm,price_fast,1,disrupted,0.6494719697755234,0.25,40
204,gbm,price_fast,1,normal,0.21253890491384483,0.8492063492063492,126
204,gbm,price_fast,2,all,0.3268069556960703,0.7166666666666667,180
204,gbm,price_fast,2,event,0.37016445729734915,0.8095238095238095,21
204,gbm,price_fast,2,disrupted,0.6862343676488247,0.325,40
204,gbm,price_fast,2,normal,0.22410638976076727,0.8174603174603174,126
204,gbm,price_fast,3,all,0.332319985739496,0.7555555555555555,180
204,gbm,price_fast,3,event,0.3468538137313149,0.8571428571428571,21
204,gbm,price_fast,3,disrupted,0.6879972548493376,0.35,40
204,gbm,price_fast,3,normal,0.23622083324184268,0.8571428571428571,126
204,gbm,price_fast,4,all,0.33996853875082905,0.7722222222222223,180
204,gbm,price_fast,4,event,0.3566593352053442,0.8571428571428571,21
204,gbm,price_fast,4,disrupted,0.6830166430706621,0.45,40
204,gbm,price_fast,4,normal,0.2478659509239889,0.8492063492063492,126
204,gbm,price_fast,5,all,0.338601164276705,0.7666666666666667,180
204,gbm,price_fast,5,event,0.3199374815706633,0.8571428571428571,21
204,gbm,price_fast,5,disrupted,0.6651011467800114,0.475,40
204,gbm,price_fast,5,normal,0.25242268442538196,0.8333333333333334,126
204,gbm,price_fast,6,all,0.3418040091163577,0.7666666666666667,180
204,gbm,price_fast,6,event,0.33497273513739556,0.8095238095238095,21
204,gbm,price_fast,6,disrupted,0.670586472843813,0.45,40
204,gbm,price_fast,6,normal,0.25732997667622093,0.8412698412698413,126
204,gbm,price_fast,7,all,0.34966745958675155,0.7666666666666667,180
204,gbm,price_fast,7,event,0.3390564381972841,0.8095238095238095,21
204,gbm,price_fast,7,disrupted,0.681943313845039,0.45,40
204,gbm,price_fast,7,normal,0.26279528500797,0.8412698412698413,126
204,gbm,price_fast,8,all,0.34174452170533937,0.7777777777777778,180
204,gbm,price_fast,8,event,0.3255056925295066,0.8095238095238095,21
204,gbm,price_fast,8,disrupted,0.6766765916813148,0.4,40
204,gbm,price_fast,8,normal,0.2535272426558595,0.873015873015873,126
204,gbm,price_fast,9,all,0.3340706313531111,0.7722222222222223,180
204,gbm,price_fast,9,event,0.33442750100876706,0.8095238095238095,21
204,gbm,price_fast,9,disrupted,0.6422965095824964,0.45,40
204,gbm,price_fast,9,normal,0.2523836874220697,0.8492063492063492,126
204,gbm,price_fast,10,all,0.3282926226551694,0.7777777777777778,180
204,gbm,price_fast,10,event,0.3229421673888495,0.8095238095238095,21
204,gbm,price_fast,10,disrupted,0.6074057024862405,0.45,40
204,gbm,price_fast,10,normal,0.25776806870194996,0.8571428571428571,126
204,gbm,price_fast,11,all,0.33114270428060105,0.7611111111111111,180
204,gbm,price_fast,11,event,0.32494943750521366,0.8095238095238095,21
204,gbm,price_fast,11,disrupted,0.6029367991233869,0.45,40
204,gbm,price_fast,11,normal,0.26389510009912764,0.8333333333333334,126
204,gbm,price_fast,12,all,0.33487265441558495,0.7611111111111111,180
204,gbm,price_fast,12,event,0.320668158937063,0.8,20
204,gbm,price_fast,12,disrupted,0.61557522511216,0.5,40
204,gbm,price_fast,12,normal,0.2656844686239418,0.8188976377952756,127
204,gbm,price_fast,13,all,0.34413095054623044,0.7444444444444445,180
204,gbm,price_fast,13,event,0.34985968542931006,0.7894736842105263,19
204,gbm,price_fast,13,disrupted,0.6262952200733881,0.475,40
204,gbm,price_fast,13,normal,0.2735627722440285,0.8046875,128
204,gbm,price_slow,1,all,0.18793701853095773,0.8111111111111111,180
204,gbm,price_slow,1,event,0.25075989628765094,0.6666666666666666,21
204,gbm,price_slow,1,disrupted,0.3212196607690929,0.6,40
204,gbm,price_slow,1,normal,0.14495038375127425,0.8809523809523809,126
204,gbm,price_slow,2,all,0.20256221116299153,0.7888888888888889,180
204,gbm,price_slow,2,event,0.24193435083127784,0.7142857142857143,21
204,gbm,price_slow,2,disrupted,0.34674498696758876,0.575,40
204,gbm,price_slow,2,normal,0.15665014947463776,0.8571428571428571,126
204,gbm,price_slow,3,all,0.21243892894327374,0.75,180
204,gbm,price_slow,3,event,0.24610341237962863,0.6190476190476191,21
204,gbm,price_slow,3,disrupted,0.3585356858880645,0.525,40
204,gbm,price_slow,3,normal,0.16676450839181145,0.8333333333333334,126
204,gbm,price_slow,4,all,0.2218493298756961,0.75,180
204,gbm,price_slow,4,event,0.23029929729194457,0.6666666666666666,21
204,gbm,price_slow,4,disrupted,0.3715256707117159,0.5,40
204,gbm,price_slow,4,normal,0.17698463427441655,0.8333333333333334,126
204,gbm,price_slow,5,all,0.22668638537636782,0.7611111111111111,180
204,gbm,price_slow,5,event,0.2347991217594337,0.7619047619047619,21
204,gbm,price_slow,5,disrupted,0.37923010932163104,0.45,40
204,gbm,price_slow,5,normal,0.18068039110807282,0.8492063492063492,126
204,gbm,price_slow,6,all,0.2287019802755685,0.7611111111111111,180
204,gbm,price_slow,6,event,0.24806620641736488,0.7619047619047619,21
204,gbm,price_slow,6,disrupted,0.38253449509323867,0.475,40
204,gbm,price_slow,6,normal,0.18323292741100713,0.8412698412698413,126
204,gbm,price_slow,7,all,0.2316862697471187,0.75,180
204,gbm,price_slow,7,event,0.2593323245255476,0.7142857142857143,21
204,gbm,price_slow,7,disrupted,0.38229205562203183,0.475,40
204,gbm,price_slow,7,normal,0.18568491768106532,0.8333333333333334,126
204,gbm,price_slow,8,all,0.23330146358952478,0.7111111111111111,180
204,gbm,price_slow,8,event,0.2619487775051867,0.5714285714285714,21
204,gbm,price_slow,8,disrupted,0.38818375595184673,0.45,40
204,gbm,price_slow,8,normal,0.18526285905523088,0.8095238095238095,126
204,gbm,price_slow,9,all,0.23672899579990492,0.6944444444444444,180
204,gbm,price_slow,9,event,0.3004471167105083,0.47619047619047616,21
204,gbm,price_slow,9,disrupted,0.3901125281077203,0.475,40
204,gbm,price_slow,9,normal,0.18599118096826972,0.7936507936507936,126
204,gbm,price_slow,10,all,0.24166887013329155,0.7166666666666667,180
204,gbm,price_slow,10,event,0.3033001418033945,0.47619047619047616,21
204,gbm,price_slow,10,disrupted,0.37785942013247853,0.525,40
204,gbm,price_slow,10,normal,0.1956782347224704,0.8095238095238095,126
204,gbm,price_slow,11,all,0.24126293763284332,0.7333333333333333,180
204,gbm,price_slow,11,event,0.30034966633113236,0.5238095238095238,21
204,gbm,price_slow,11,disrupted,0.37411505452219274,0.55,40
204,gbm,price_slow,11,normal,0.19733002801559815,0.8174603174603174,126
204,gbm,price_slow,12,all,0.247234993484433,0.7388888888888889,180
204,gbm,price_slow,12,event,0.3226039265756028,0.5,20
204,gbm,price_slow,12,disrupted,0.38648514645604204,0.575,40
204,gbm,price_slow,12,normal,0.198804015345143,0.8188976377952756,127
204,gbm,price_slow,13,all,0.2464617821053594,0.7166666666666667,180
204,gbm,price_slow,13,event,0.32448091066928664,0.47368421052631576,19
204,gbm,price_slow,13,disrupted,0.3912058255986581,0.475,40
204,gbm,price_slow,13,normal,0.1979063275910417,0.8203125,128
204,gbm,cap_fast,1,all,5.312853651435684,0.8944444444444445,180
204,gbm,cap_fast,1,event,4.825505258269718,0.9047619047619048,21
204,gbm,cap_fast,1,disrupted,4.044852776841191,0.95,40
204,gbm,cap_fast,1,normal,5.7357720091010345,0.8809523809523809,126
204,gbm,cap_fast,2,all,5.393155199231128,0.9222222222222223,180
204,gbm,cap_fast,2,event,4.203189238038433,0.9523809523809523,21
204,gbm,cap_fast,2,disrupted,4.307375392653917,0.975,40
204,gbm,cap_fast,2,normal,5.875809028655817,0.9047619047619048,126
204,gbm,cap_fast,3,all,5.372513760903242,0.9166666666666666,180
204,gbm,cap_fast,3,event,6.0211118723954575,0.8571428571428571,21
204,gbm,cap_fast,3,disrupted,3.9743308751702022,0.95,40
204,gbm,cap_fast,3,normal,5.682147389335796,0.9126984126984127,126
204,gbm,cap_fast,4,all,5.845891092411585,0.9222222222222223,180
204,gbm,cap_fast,4,event,4.5762443955016705,0.9523809523809523,21
204,gbm,cap_fast,4,disrupted,3.9370323898578024,0.975,40
204,gbm,cap_fast,4,normal,6.495674712005372,0.9047619047619048,126
204,gbm,cap_fast,5,all,6.226212086282923,0.9277777777777778,180
204,gbm,cap_fast,5,event,4.7740775711567025,0.9523809523809523,21
204,gbm,cap_fast,5,disrupted,5.654925963167569,0.925,40
204,gbm,cap_fast,5,normal,6.437625745249617,0.9285714285714286,126
204,gbm,cap_fast,6,all,6.66824101313173,0.9222222222222223,180
204,gbm,cap_fast,6,event,8.503103709930153,0.9047619047619048,21
204,gbm,cap_fast,6,disrupted,7.102011724162631,0.95,40
204,gbm,cap_fast,6,normal,6.526193509650821,0.9126984126984127,126
204,gbm,cap_fast,7,all,6.975910988413644,0.9,180
204,gbm,cap_fast,7,event,8.110557923077327,0.9047619047619048,21
204,gbm,cap_fast,7,disrupted,8.644252847338086,0.875,40
204,gbm,cap_fast,7,normal,6.540886521301512,0.9047619047619048,126
204,gbm,cap_fast,8,all,7.0666462934160466,0.8777777777777778,180
204,gbm,cap_fast,8,event,8.925285717582833,0.8095238095238095,21
204,gbm,cap_fast,8,disrupted,10.00319206642758,0.825,40
204,gbm,cap_fast,8,normal,6.140792343658798,0.8968253968253969,126
204,gbm,cap_fast,9,all,7.069646855942842,0.8722222222222222,180
204,gbm,cap_fast,9,event,7.4464382903931945,0.8571428571428571,21
204,gbm,cap_fast,9,disrupted,11.50453725854652,0.8,40
204,gbm,cap_fast,9,normal,5.90873487477433,0.8888888888888888,126
204,gbm,cap_fast,10,all,7.3733652075350085,0.8277777777777777,180
204,gbm,cap_fast,10,event,8.064863075571898,0.6666666666666666,21
204,gbm,cap_fast,10,disrupted,12.763513775257994,0.725,40
204,gbm,cap_fast,10,normal,5.880144570795038,0.8809523809523809,126
204,gbm,cap_fast,11,all,7.337733800407636,0.8444444444444444,180
204,gbm,cap_fast,11,event,7.836151779861896,0.6190476190476191,21
204,gbm,cap_fast,11,disrupted,14.02224286136465,0.775,40
204,gbm,cap_fast,11,normal,5.381500919384444,0.8968253968253969,126
204,gbm,cap_fast,12,all,7.702633156314121,0.7944444444444444,180
204,gbm,cap_fast,12,event,6.369790966279909,0.6,20
204,gbm,cap_fast,12,disrupted,15.771814498678015,0.65,40
204,gbm,cap_fast,12,normal,5.59668281760187,0.8661417322834646,127
204,gbm,cap_fast,13,all,8.12640717648994,0.7666666666666667,180
204,gbm,cap_fast,13,event,11.061272373619486,0.47368421052631576,19
204,gbm,cap_fast,13,disrupted,17.826933721008764,0.575,40
204,gbm,cap_fast,13,normal,5.495244390190916,0.8515625,128
204,gbm,cap_slow,1,all,24.708128574343753,0.75,180
204,gbm,cap_slow,1,event,31.090659855574586,0.6190476190476191,21
204,gbm,cap_slow,1,disrupted,73.86125576808517,0.3,40
204,gbm,cap_slow,1,normal,10.910211802854041,0.8809523809523809,126
204,gbm,cap_slow,2,all,25.873620567984975,0.7833333333333333,180
204,gbm,cap_slow,2,event,36.036269069409094,0.7142857142857143,21
204,gbm,cap_slow,2,disrupted,75.95066168239607,0.35,40
204,gbm,cap_slow,2,normal,11.549286303510645,0.9047619047619048,126
204,gbm,cap_slow,3,all,26.86027433750293,0.8055555555555556,180
204,gbm,cap_slow,3,event,38.89133419265232,0.7619047619047619,21
204,gbm,cap_slow,3,disrupted,79.54004452776772,0.375,40
204,gbm,cap_slow,3,normal,11.60568586578525,0.9285714285714286,126
204,gbm,cap_slow,4,all,27.963816262592744,0.8388888888888889,180
204,gbm,cap_slow,4,event,40.710334938715604,0.8095238095238095,21
204,gbm,cap_slow,4,disrupted,83.52207856646916,0.4,40
204,gbm,cap_slow,4,normal,11.719769571320803,0.9603174603174603,126
204,gbm,cap_slow,5,all,29.0959968112864,0.8666666666666667,180
204,gbm,cap_slow,5,event,41.13565023596544,0.8571428571428571,21
204,gbm,cap_slow,5,disrupted,88.87646563678382,0.45,40
204,gbm,cap_slow,5,normal,11.27480625622095,0.9841269841269841,126
204,gbm,cap_slow,6,all,30.164387295704646,0.8611111111111112,180
204,gbm,cap_slow,6,event,44.351287959696805,0.8095238095238095,21
204,gbm,cap_slow,6,disrupted,89.43157948384288,0.45,40
204,gbm,cap_slow,6,normal,12.781006583207404,0.9761904761904762,126
204,gbm,cap_slow,7,all,30.97965578436977,0.8555555555555555,180
204,gbm,cap_slow,7,event,47.83061965059538,0.7619047619047619,21
204,gbm,cap_slow,7,disrupted,91.93257950236406,0.45,40
204,gbm,cap_slow,7,normal,12.741405281934096,0.9761904761904762,126
204,gbm,cap_slow,8,all,32.1139095380263,0.8555555555555555,180
204,gbm,cap_slow,8,event,44.03209526295526,0.7619047619047619,21
204,gbm,cap_slow,8,disrupted,93.88026747412178,0.45,40
204,gbm,cap_slow,8,normal,13.804179515952756,0.9761904761904762,126
204,gbm,cap_slow,9,all,33.192809963201775,0.8388888888888889,180
204,gbm,cap_slow,9,event,50.563409038703995,0.6666666666666666,21
204,gbm,cap_slow,9,disrupted,94.54431050191909,0.4,40
204,gbm,cap_slow,9,normal,14.103133261170742,0.9841269841269841,126
204,gbm,cap_slow,10,all,33.68899802609406,0.8333333333333334,180
204,gbm,cap_slow,10,event,46.91035186259693,0.7142857142857143,21
204,gbm,cap_slow,10,disrupted,93.98834246154753,0.4,40
204,gbm,cap_slow,10,normal,15.655440471731959,0.9682539682539683,126
204,gbm,cap_slow,11,all,35.68130300753295,0.8277777777777777,180
204,gbm,cap_slow,11,event,48.99803320902633,0.7142857142857143,21
204,gbm,cap_slow,11,disrupted,98.6812897393464,0.4,40
204,gbm,cap_slow,11,normal,16.86482868373095,0.9603174603174603,126
204,gbm,cap_slow,12,all,37.4489936338276,0.8111111111111111,180
204,gbm,cap_slow,12,event,52.612859739567625,0.65,20
204,gbm,cap_slow,12,disrupted,102.03989141225581,0.375,40
204,gbm,cap_slow,12,normal,18.13310049680852,0.9448818897637795,127
204,gbm,cap_slow,13,all,39.285207724510975,0.7944444444444444,180
204,gbm,cap_slow,13,event,57.67713298339161,0.631578947368421,19
204,gbm,cap_slow,13,disrupted,105.27994936652135,0.35,40
204,gbm,cap_slow,13,normal,19.6743958821351,0.9296875,128
204,tabpfn,propensity,0,all,0.018125649324772404,0.7444444444444445,180
204,tabpfn,propensity,0,event,0.02389536373163061,0.7619047619047619,21
204,tabpfn,propensity,0,disrupted,0.01811619648652394,0.675,40
204,tabpfn,propensity,0,normal,0.017168953750735388,0.7698412698412699,126
204,tabpfn,propensity,1,all,0.018860361277204214,0.7444444444444445,180
204,tabpfn,propensity,1,event,0.02984789249910778,0.6190476190476191,21
204,tabpfn,propensity,1,disrupted,0.019480916903316884,0.675,40
204,tabpfn,propensity,1,normal,0.017466462626970675,0.7777777777777778,126
204,tabpfn,propensity,2,all,0.019574511050349772,0.7277777777777777,180
204,tabpfn,propensity,2,event,0.029637184546215962,0.5714285714285714,21
204,tabpfn,propensity,2,disrupted,0.020399299958679677,0.625,40
204,tabpfn,propensity,2,normal,0.018130885177187445,0.7698412698412699,126
204,tabpfn,propensity,3,all,0.019225207351072433,0.7555555555555555,180
204,tabpfn,propensity,3,event,0.02567829940436223,0.7142857142857143,21
204,tabpfn,propensity,3,disrupted,0.021469839472162255,0.65,40
204,tabpfn,propensity,3,normal,0.017807155976123173,0.7857142857142857,126
204,tabpfn,propensity,4,all,0.019493086648287607,0.7722222222222223,180
204,tabpfn,propensity,4,event,0.02507852362377825,0.7142857142857143,21
204,tabpfn,propensity,4,disrupted,0.020447662211542476,0.725,40
204,tabpfn,propensity,4,normal,0.01859309858169431,0.7857142857142857,126
204,tabpfn,propensity,5,all,0.020017070152740058,0.7722222222222223,180
204,tabpfn,propensity,5,event,0.024043124323232773,0.7619047619047619,21
204,tabpfn,propensity,5,disrupted,0.019421962008644506,0.75,40
204,tabpfn,propensity,5,normal,0.01937952194044946,0.7857142857142857,126
204,tabpfn,propensity,6,all,0.020405489302036086,0.7666666666666667,180
204,tabpfn,propensity,6,event,0.02798339978143058,0.6190476190476191,21
204,tabpfn,propensity,6,disrupted,0.02061814784366342,0.675,40
204,tabpfn,propensity,6,normal,0.019351398527835923,0.8095238095238095,126
204,tabpfn,propensity,7,all,0.02111449363421678,0.7722222222222223,180
204,tabpfn,propensity,7,event,0.029167071638781843,0.6190476190476191,21
204,tabpfn,propensity,7,disrupted,0.020828399376761543,0.675,40
204,tabpfn,propensity,7,normal,0.020074818730604828,0.8174603174603174,126
204,tabpfn,propensity,8,all,0.021536450576001013,0.7666666666666667,180
204,tabpfn,propensity,8,event,0.02754948067353963,0.6666666666666666,21
204,tabpfn,propensity,8,disrupted,0.021742199000248274,0.675,40
204,tabpfn,propensity,8,normal,0.020732200687704306,0.8095238095238095,126
204,tabpfn,propensity,9,all,0.021704264290297686,0.7444444444444445,180
204,tabpfn,propensity,9,event,0.030148790977873735,0.5714285714285714,21
204,tabpfn,propensity,9,disrupted,0.022949271170231038,0.65,40
204,tabpfn,propensity,9,normal,0.02044506297559101,0.7936507936507936,126
204,tabpfn,propensity,10,all,0.02133807170429667,0.7277777777777777,180
204,tabpfn,propensity,10,event,0.0277572369910604,0.6190476190476191,21
204,tabpfn,propensity,10,disrupted,0.021689565337832017,0.625,40
204,tabpfn,propensity,10,normal,0.02054177907876989,0.7619047619047619,126
204,tabpfn,propensity,11,all,0.021050429578597468,0.7444444444444445,180
204,tabpfn,propensity,11,event,0.025619942647429617,0.6666666666666666,21
204,tabpfn,propensity,11,disrupted,0.021281463721223685,0.675,40
204,tabpfn,propensity,11,normal,0.020504925618392376,0.7698412698412699,126
204,tabpfn,propensity,12,all,0.02202411273972476,0.7333333333333333,180
204,tabpfn,propensity,12,event,0.03165728722298287,0.6,20
204,tabpfn,propensity,12,disrupted,0.02208072332927761,0.725,40
204,tabpfn,propensity,12,normal,0.020951600363706687,0.7480314960629921,127
204,tabpfn,propensity,13,all,0.0220718940908436,0.7666666666666667,180
204,tabpfn,propensity,13,event,0.03371169280740797,0.631578947368421,19
204,tabpfn,propensity,13,disrupted,0.02221645595585147,0.775,40
204,tabpfn,propensity,13,normal,0.02098047186615689,0.78125,128
204,tabpfn,arrivals,0,all,1.5711724288713849,0.7111111111111111,180
204,tabpfn,arrivals,0,event,1.7598378437238,0.5714285714285714,21
204,tabpfn,arrivals,0,disrupted,1.822497483519367,0.625,40
204,tabpfn,arrivals,0,normal,1.5064567131931592,0.7380952380952381,126
204,tabpfn,arrivals,1,all,1.6281131356945644,0.7166666666666667,180
204,tabpfn,arrivals,1,event,1.7424648949410155,0.6666666666666666,21
204,tabpfn,arrivals,1,disrupted,1.9390803396594016,0.625,40
204,tabpfn,arrivals,1,normal,1.5549706339106433,0.7380952380952381,126
204,tabpfn,arrivals,2,all,1.6521667849439887,0.7055555555555556,180
204,tabpfn,arrivals,2,event,1.826974063293415,0.5714285714285714,21
204,tabpfn,arrivals,2,disrupted,1.9917261833288031,0.625,40
204,tabpfn,arrivals,2,normal,1.5662912139080098,0.7301587301587301,126
204,tabpfn,arrivals,3,all,1.6794975145483262,0.6833333333333333,180
204,tabpfn,arrivals,3,event,1.8629555594685452,0.6190476190476191,21
204,tabpfn,arrivals,3,disrupted,2.010420488748725,0.6,40
204,tabpfn,arrivals,3,normal,1.58900704344396,0.7063492063492064,126
204,tabpfn,arrivals,4,all,1.7084928776783423,0.7,180
204,tabpfn,arrivals,4,event,1.8455464833615476,0.6666666666666666,21
204,tabpfn,arrivals,4,disrupted,2.054265805897251,0.65,40
204,tabpfn,arrivals,4,normal,1.6220926483407292,0.7063492063492064,126
204,tabpfn,arrivals,5,all,1.7401620449559756,0.7,180
204,tabpfn,arrivals,5,event,1.838384792694068,0.6666666666666666,21
204,tabpfn,arrivals,5,disrupted,2.133599349674717,0.65,40
204,tabpfn,arrivals,5,normal,1.6391756217796005,0.7063492063492064,126
204,tabpfn,arrivals,6,all,1.723129373702208,0.7222222222222222,180
204,tabpfn,arrivals,6,event,1.8491814758692913,0.7142857142857143,21
204,tabpfn,arrivals,6,disrupted,2.1455571381421246,0.65,40
204,tabpfn,arrivals,6,normal,1.6027451338239143,0.7380952380952381,126
204,tabpfn,arrivals,7,all,1.7119143435108106,0.7166666666666667,180
204,tabpfn,arrivals,7,event,1.889964585988339,0.6666666666666666,21
204,tabpfn,arrivals,7,disrupted,2.1298087803692973,0.65,40
204,tabpfn,arrivals,7,normal,1.584474731569269,0.7380952380952381,126
204,tabpfn,arrivals,8,all,1.6872225922722004,0.7277777777777777,180
204,tabpfn,arrivals,8,event,1.8452238182823306,0.7142857142857143,21
204,tabpfn,arrivals,8,disrupted,2.1044742457624666,0.65,40
204,tabpfn,arrivals,8,normal,1.565378836952338,0.746031746031746,126
204,tabpfn,arrivals,9,all,1.6951096078265846,0.7277777777777777,180
204,tabpfn,arrivals,9,event,1.9463724236290103,0.6190476190476191,21
204,tabpfn,arrivals,9,disrupted,2.103123072599015,0.65,40
204,tabpfn,arrivals,9,normal,1.5668419750633422,0.753968253968254,126
204,tabpfn,arrivals,10,all,1.7108213881584429,0.7277777777777777,180
204,tabpfn,arrivals,10,event,1.9219243249471862,0.6190476190476191,21
204,tabpfn,arrivals,10,disrupted,2.0795027327195674,0.65,40
204,tabpfn,arrivals,10,normal,1.598623229026048,0.7619047619047619,126
204,tabpfn,arrivals,11,all,1.7088269701880519,0.7222222222222222,180
204,tabpfn,arrivals,11,event,1.9501514498425545,0.6666666666666666,21
204,tabpfn,arrivals,11,disrupted,1.9940906119004758,0.65,40
204,tabpfn,arrivals,11,normal,1.614877443757978,0.746031746031746,126
204,tabpfn,arrivals,12,all,1.6884879065914529,0.7222222222222222,180
204,tabpfn,arrivals,12,event,1.929512045939256,0.65,20
204,tabpfn,arrivals,12,disrupted,1.9331568628147386,0.65,40
204,tabpfn,arrivals,12,normal,1.6100622363458827,0.7480314960629921,127
204,tabpfn,arrivals,13,all,1.6895406085814892,0.7277777777777777,180
204,tabpfn,arrivals,13,event,1.9029601268569876,0.6842105263157895,19
204,tabpfn,arrivals,13,disrupted,1.9398211114220765,0.675,40
204,tabpfn,arrivals,13,normal,1.6299670271805775,0.7421875,128
204,tabpfn,price_fast,1,all,0.2681571351627015,0.7166666666666667,180
204,tabpfn,price_fast,1,event,0.24534559647290943,0.8571428571428571,21
204,tabpfn,price_fast,1,disrupted,0.5411279658828801,0.375,40
204,tabpfn,price_fast,1,normal,0.19807948370302955,0.7936507936507936,126
204,tabpfn,price_fast,2,all,0.2895887412599509,0.7222222222222222,180
204,tabpfn,price_fast,2,event,0.2535223911983562,0.8571428571428571,21
204,tabpfn,price_fast,2,disrupted,0.5878896988475331,0.375,40
204,tabpfn,price_fast,2,normal,0.21145813283632464,0.8015873015873016,126
204,tabpfn,price_fast,3,all,0.3045783301418915,0.7222222222222222,180
204,tabpfn,price_fast,3,event,0.3134620775132806,0.7619047619047619,21
204,tabpfn,price_fast,3,disrupted,0.6116817027515387,0.375,40
204,tabpfn,price_fast,3,normal,0.2194218471960628,0.8095238095238095,126
204,tabpfn,price_fast,4,all,0.3111053489348871,0.7222222222222222,180
204,tabpfn,price_fast,4,event,0.31977103518400013,0.7619047619047619,21
204,tabpfn,price_fast,4,disrupted,0.6124624519907556,0.4,40
204,tabpfn,price_fast,4,normal,0.22780053227009645,0.8015873015873016,126
204,tabpfn,price_fast,5,all,0.3167059769010546,0.7277777777777777,180
204,tabpfn,price_fast,5,event,0.3191461225754407,0.7619047619047619,21
204,tabpfn,price_fast,5,disrupted,0.6164111800219205,0.425,40
204,tabpfn,price_fast,5,normal,0.23469760967696807,0.8015873015873016,126
204,tabpfn,price_fast,6,all,0.32569090346279506,0.7222222222222222,180
204,tabpfn,price_fast,6,event,0.3450641574664705,0.7619047619047619,21
204,tabpfn,price_fast,6,disrupted,0.6307469123219548,0.425,40
204,tabpfn,price_fast,6,normal,0.2414332361529053,0.7936507936507936,126
204,tabpfn,price_fast,7,all,0.3394740491226343,0.7055555555555556,180
204,tabpfn,price_fast,7,event,0.33863959450533904,0.7619047619047619,21
204,tabpfn,price_fast,7,disrupted,0.6534757807174761,0.35,40
204,tabpfn,price_fast,7,normal,0.2529123879578504,0.7936507936507936,126
204,tabpfn,price_fast,8,all,0.34458800123642097,0.7111111111111111,180
204,tabpfn,price_fast,8,event,0.35227760441726136,0.7619047619047619,21
204,tabpfn,price_fast,8,disrupted,0.6547367738709855,0.375,40
204,tabpfn,price_fast,8,normal,0.2585749384858105,0.7936507936507936,126
204,tabpfn,price_fast,9,all,0.34328477924281636,0.6888888888888889,180
204,tabpfn,price_fast,9,event,0.3758586150834795,0.7142857142857143,21
204,tabpfn,price_fast,9,disrupted,0.6345298826851187,0.35,40
204,tabpfn,price_fast,9,normal,0.2622077934735552,0.7698412698412699,126
204,tabpfn,price_fast,10,all,0.3419731966515584,0.7,180
204,tabpfn,price_fast,10,event,0.3525678304842555,0.7619047619047619,21
204,tabpfn,price_fast,10,disrupted,0.5942630956511132,0.4,40
204,tabpfn,price_fast,10,normal,0.2742377998730695,0.7698412698412699,126
204,tabpfn,price_fast,11,all,0.345478010719057,0.6944444444444444,180
204,tabpfn,price_fast,11,event,0.3466813509206744,0.7619047619047619,21
204,tabpfn,price_fast,11,disrupted,0.5896879761285633,0.4,40
204,tabpfn,price_fast,11,normal,0.2812686403872328,0.7619047619047619,126
204,tabpfn,price_fast,12,all,0.35069074160621166,0.7,180
204,tabpfn,price_fast,12,event,0.3548897752688497,0.75,20
204,tabpfn,price_fast,12,disrupted,0.5908125157337982,0.425,40
204,tabpfn,price_fast,12,normal,0.28691844959550983,0.7637795275590551,127
204,tabpfn,price_fast,13,all,0.355989098739447,0.7,180
204,tabpfn,price_fast,13,event,0.39234631592681896,0.6842105263157895,19
204,tabpfn,price_fast,13,disrupted,0.6046767739283379,0.4,40
204,tabpfn,price_fast,13,normal,0.2913790808579042,0.7734375,128
204,tabpfn,price_slow,1,all,0.19090578222831153,0.7555555555555555,180
204,tabpfn,price_slow,1,event,0.22500309758533543,0.6190476190476191,21
204,tabpfn,price_slow,1,disrupted,0.28176295033317833,0.55,40
204,tabpfn,price_slow,1,normal,0.16268855346341987,0.8253968253968254,126
204,tabpfn,price_slow,2,all,0.2078989015027716,0.7444444444444445,180
204,tabpfn,price_slow,2,event,0.23784630954575353,0.5714285714285714,21
204,tabpfn,price_slow,2,disrupted,0.3119787458903633,0.5,40
204,tabpfn,price_slow,2,normal,0.17492742348265883,0.8333333333333334,126
204,tabpfn,price_slow,3,all,0.21754877591567015,0.7444444444444445,180
204,tabpfn,price_slow,3,event,0.266900692682245,0.5714285714285714,21
204,tabpfn,price_slow,3,disrupted,0.3252505370125549,0.5,40
204,tabpfn,price_slow,3,normal,0.1829908394555636,0.8333333333333334,126
204,tabpfn,price_slow,4,all,0.2234958656008826,0.7444444444444445,180
204,tabpfn,price_slow,4,event,0.2644143821843117,0.6190476190476191,21
204,tabpfn,price_slow,4,disrupted,0.3425341180722744,0.45,40
204,tabpfn,price_slow,4,normal,0.1858248904569663,0.8412698412698413,126
204,tabpfn,price_slow,5,all,0.22711799765786833,0.75,180
204,tabpfn,price_slow,5,event,0.26213991823617455,0.6190476190476191,21
204,tabpfn,price_slow,5,disrupted,0.35660780968672345,0.475,40
204,tabpfn,price_slow,5,normal,0.18713729690308054,0.8412698412698413,126
204,tabpfn,price_slow,6,all,0.22412588165896874,0.75,180
204,tabpfn,price_slow,6,event,0.26394546795429835,0.6666666666666666,21
204,tabpfn,price_slow,6,disrupted,0.3599101738899183,0.5,40
204,tabpfn,price_slow,6,normal,0.18234123632072802,0.8333333333333334,126
204,tabpfn,price_slow,7,all,0.22736822032530754,0.7388888888888889,180
204,tabpfn,price_slow,7,event,0.26577302155328003,0.6190476190476191,21
204,tabpfn,price_slow,7,disrupted,0.36280963727749815,0.525,40
204,tabpfn,price_slow,7,normal,0.18458205144806003,0.8174603174603174,126
204,tabpfn,price_slow,8,all,0.2278455696771847,0.7222222222222222,180
204,tabpfn,price_slow,8,event,0.2575162539523813,0.5238095238095238,21
204,tabpfn,price_slow,8,disrupted,0.3744205239567557,0.5,40
204,tabpfn,price_slow,8,normal,0.18221764821759803,0.8174603174603174,126
204,tabpfn,price_slow,9,all,0.22614047749252322,0.7222222222222222,180
204,tabpfn,price_slow,9,event,0.26326013796000847,0.6190476190476191,21
204,tabpfn,price_slow,9,disrupted,0.37595774013193,0.45,40
204,tabpfn,price_slow,9,normal,0.17975747470860154,0.8253968253968254,126
204,tabpfn,price_slow,10,all,0.22952061689890826,0.7222222222222222,180
204,tabpfn,price_slow,10,event,0.27025206617395164,0.6190476190476191,21
204,tabpfn,price_slow,10,disrupted,0.36707319930534926,0.475,40
204,tabpfn,price_slow,10,normal,0.18590341106336872,0.8174603174603174,126
204,tabpfn,price_slow,11,all,0.2319861710410434,0.7388888888888889,180
204,tabpfn,price_slow,11,event,0.27081440026815795,0.6190476190476191,21
204,tabpfn,price_slow,11,disrupted,0.3561201848660982,0.575,40
204,tabpfn,price_slow,11,normal,0.19309987394685932,0.8095238095238095,126
204,tabpfn,price_slow,12,all,0.23328038776991838,0.7722222222222223,180
204,tabpfn,price_slow,12,event,0.2930713934742356,0.7,20
204,tabpfn,price_slow,12,disrupted,0.3548032533919547,0.625,40
204,tabpfn,price_slow,12,normal,0.19221174877539815,0.8346456692913385,127
204,tabpfn,price_slow,13,all,0.23578717402918825,0.7722222222222223,180
204,tabpfn,price_slow,13,event,0.30578657864950065,0.631578947368421,19
204,tabpfn,price_slow,13,disrupted,0.35033508050362955,0.6,40
204,tabpfn,price_slow,13,normal,0.19613009092433226,0.84375,128
204,tabpfn,cap_fast,1,all,4.327967384362155,0.8111111111111111,180
204,tabpfn,cap_fast,1,event,4.520438341031039,0.7619047619047619,21
204,tabpfn,cap_fast,1,disrupted,3.8257191202455116,0.775,40
204,tabpfn,cap_fast,1,normal,4.4430416137218804,0.8253968253968254,126
204,tabpfn,cap_fast,2,all,4.543960493934165,0.8611111111111112,180
204,tabpfn,cap_fast,2,event,4.612061193174826,0.7619047619047619,21
204,tabpfn,cap_fast,2,disrupted,4.455674523154765,0.825,40
204,tabpfn,cap_fast,2,normal,4.5276628137749695,0.8809523809523809,126
204,tabpfn,cap_fast,3,all,4.699791097274395,0.8444444444444444,180
204,tabpfn,cap_fast,3,event,4.143129722577892,0.8571428571428571,21
204,tabpfn,cap_fast,3,disrupted,4.758359203360615,0.825,40
204,tabpfn,cap_fast,3,normal,4.729058693291425,0.8412698412698413,126
204,tabpfn,cap_fast,4,all,4.910991409386673,0.8388888888888889,180
204,tabpfn,cap_fast,4,event,4.235859462178199,0.8571428571428571,21
204,tabpfn,cap_fast,4,disrupted,4.754671298876813,0.825,40
204,tabpfn,cap_fast,4,normal,4.982363858131506,0.8412698412698413,126
204,tabpfn,cap_fast,5,all,5.288265495570534,0.8111111111111111,180
204,tabpfn,cap_fast,5,event,4.526646110428722,0.8571428571428571,21
204,tabpfn,cap_fast,5,disrupted,5.764359866549671,0.8,40
204,tabpfn,cap_fast,5,normal,5.150856958733329,0.8095238095238095,126
204,tabpfn,cap_fast,6,all,5.463367038695768,0.8166666666666667,180
204,tabpfn,cap_fast,6,event,6.253577727802232,0.7142857142857143,21
204,tabpfn,cap_fast,6,disrupted,6.215146003637612,0.725,40
204,tabpfn,cap_fast,6,normal,5.191177344891881,0.8492063492063492,126
204,tabpfn,cap_fast,7,all,5.746360923859303,0.8222222222222222,180
204,tabpfn,cap_fast,7,event,7.140934077202344,0.7142857142857143,21
204,tabpfn,cap_fast,7,disrupted,7.076906405856311,0.75,40
204,tabpfn,cap_fast,7,normal,5.2550193333084945,0.8492063492063492,126
204,tabpfn,cap_fast,8,all,5.998116728238472,0.8333333333333334,180
204,tabpfn,cap_fast,8,event,6.322068255727269,0.7142857142857143,21
204,tabpfn,cap_fast,8,disrupted,7.682558452059925,0.8,40
204,tabpfn,cap_fast,8,normal,5.498812071389534,0.8492063492063492,126
204,tabpfn,cap_fast,9,all,6.226531591224077,0.8111111111111111,180
204,tabpfn,cap_fast,9,event,5.593646572111105,0.6666666666666666,21
204,tabpfn,cap_fast,9,disrupted,8.965855908926954,0.775,40
204,tabpfn,cap_fast,9,normal,5.492631998486345,0.8333333333333334,126
204,tabpfn,cap_fast,10,all,6.290258397336865,0.8333333333333334,180
204,tabpfn,cap_fast,10,event,5.144264878542724,0.6666666666666666,21
204,tabpfn,cap_fast,10,disrupted,9.436315359653587,0.775,40
204,tabpfn,cap_fast,10,normal,5.512558889913061,0.8650793650793651,126
204,tabpfn,cap_fast,11,all,6.741683371572086,0.7833333333333333,180
204,tabpfn,cap_fast,11,event,4.474990317250628,0.6190476190476191,21
204,tabpfn,cap_fast,11,disrupted,10.077471311896508,0.75,40
204,tabpfn,cap_fast,11,normal,6.022246822396098,0.8095238095238095,126
204,tabpfn,cap_fast,12,all,7.037683129457374,0.7888888888888889,180
204,tabpfn,cap_fast,12,event,4.41657016400978,0.6,20
204,tabpfn,cap_fast,12,disrupted,11.252174324237243,0.7,40
204,tabpfn,cap_fast,12,normal,6.026526033825877,0.8346456692913385,127
204,tabpfn,cap_fast,13,all,7.538510450211558,0.7722222222222223,180
204,tabpfn,cap_fast,13,event,7.951395735799508,0.631578947368421,19
204,tabpfn,cap_fast,13,disrupted,13.050194043481886,0.625,40
204,tabpfn,cap_fast,13,normal,6.116474435584008,0.828125,128
204,tabpfn,cap_slow,1,all,22.028460035241444,0.7444444444444445,180
204,tabpfn,cap_slow,1,event,27.483873209564607,0.7142857142857143,21
204,tabpfn,cap_slow,1,disrupted,67.47302489833358,0.275,40
204,tabpfn,cap_slow,1,normal,9.560988946931456,0.873015873015873,126
204,tabpfn,cap_slow,2,all,23.837400001488085,0.75,180
204,tabpfn,cap_slow,2,event,27.29689848800361,0.8095238095238095,21
204,tabpfn,cap_slow,2,disrupted,72.67576511995192,0.35,40
204,tabpfn,cap_slow,2,normal,10.460514046048987,0.8492063492063492,126
204,tabpfn,cap_slow,3,all,24.966079157960152,0.7611111111111111,180
204,tabpfn,cap_slow,3,event,33.17305742936336,0.7619047619047619,21
204,tabpfn,cap_slow,3,disrupted,76.48271912233228,0.4,40
204,tabpfn,cap_slow,3,normal,10.404824442726591,0.8571428571428571,126
204,tabpfn,cap_slow,4,all,26.287886330430972,0.75,180
204,tabpfn,cap_slow,4,event,33.8289951601405,0.7142857142857143,21
204,tabpfn,cap_slow,4,disrupted,81.15664995805616,0.4,40
204,tabpfn,cap_slow,4,normal,10.801594452121673,0.8412698412698413,126
204,tabpfn,cap_slow,5,all,27.878135382307573,0.7944444444444444,180
204,tabpfn,cap_slow,5,event,33.66408016612776,0.7142857142857143,21
204,tabpfn,cap_slow,5,disrupted,86.26506451265212,0.425,40
204,tabpfn,cap_slow,5,normal,11.4582898495721,0.8968253968253969,126
204,tabpfn,cap_slow,6,all,29.768070665417017,0.7833333333333333,180
204,tabpfn,cap_slow,6,event,40.20178064655551,0.7142857142857143,21
204,tabpfn,cap_slow,6,disrupted,91.03529270784254,0.4,40
204,tabpfn,cap_slow,6,normal,12.728137871561145,0.8888888888888888,126
204,tabpfn,cap_slow,7,all,31.78466526215337,0.7666666666666667,180
204,tabpfn,cap_slow,7,event,40.18827286479469,0.7142857142857143,21
204,tabpfn,cap_slow,7,disrupted,97.40088255629072,0.4,40
204,tabpfn,cap_slow,7,normal,13.475983432499367,0.8650793650793651,126
204,tabpfn,cap_slow,8,all,33.686906451230826,0.75,180
204,tabpfn,cap_slow,8,event,43.196338531845655,0.7142857142857143,21
204,tabpfn,cap_slow,8,disrupted,101.67455126393047,0.375,40
204,tabpfn,cap_slow,8,normal,14.664009572803254,0.8492063492063492,126
204,tabpfn,cap_slow,9,all,34.64984826674702,0.75,180
204,tabpfn,cap_slow,9,event,42.23585510701984,0.7619047619047619,21
204,tabpfn,cap_slow,9,disrupted,102.67183711164535,0.4,40
204,tabpfn,cap_slow,9,normal,15.602601286803452,0.8412698412698413,126
204,tabpfn,cap_slow,10,all,35.16147686639174,0.75,180
204,tabpfn,cap_slow,10,event,42.20807285749038,0.7619047619047619,21
204,tabpfn,cap_slow,10,disrupted,103.25779044039605,0.425,40
204,tabpfn,cap_slow,10,normal,16.218999936064566,0.8333333333333334,126
204,tabpfn,cap_slow,11,all,35.87576387766038,0.75,180
204,tabpfn,cap_slow,11,event,41.943898523360986,0.7619047619047619,21
204,tabpfn,cap_slow,11,disrupted,104.76565062411187,0.4,40
204,tabpfn,cap_slow,11,normal,16.636767349380342,0.8412698412698413,126
204,tabpfn,cap_slow,12,all,36.43165083169372,0.7333333333333333,180
204,tabpfn,cap_slow,12,event,42.08919876730301,0.75,20
204,tabpfn,cap_slow,12,disrupted,106.32690131075738,0.35,40
204,tabpfn,cap_slow,12,normal,16.796961632019443,0.8346456692913385,127
204,tabpfn,cap_slow,13,all,37.20275873029622,0.7388888888888889,180
204,tabpfn,cap_slow,13,event,47.19075453536627,0.7368421052631579,19
204,tabpfn,cap_slow,13,disrupted,108.2493008316314,0.35,40
204,tabpfn,cap_slow,13,normal,17.13852567209668,0.84375,128
205,ridge,propensity,0,all,0.019938871676538298,0.7277777777777777,180
205,ridge,propensity,0,event,0.03337515062877775,0.5833333333333334,24
205,ridge,propensity,0,disrupted,0.02222292900992915,0.5915492957746479,71
205,ridge,propensity,0,normal,0.015557080670080882,0.8586956521739131,92
205,ridge,propensity,1,all,0.020734880332541984,0.7555555555555555,180
205,ridge,propensity,1,event,0.03395250245007963,0.5416666666666666,24
205,ridge,propensity,1,disrupted,0.023288240197919075,0.6197183098591549,71
205,ridge,propensity,1,normal,0.016226955682928743,0.8913043478260869,92
205,ridge,propensity,2,all,0.02168831762209893,0.7444444444444445,180
205,ridge,propensity,2,event,0.03636210387499713,0.5416666666666666,24
205,ridge,propensity,2,disrupted,0.024210160535453433,0.647887323943662,71
205,ridge,propensity,2,normal,0.016970045843337337,0.8478260869565217,92
205,ridge,propensity,3,all,0.02249015259660945,0.7555555555555555,180
205,ridge,propensity,3,event,0.03961594348601756,0.52,25
205,ridge,propensity,3,disrupted,0.02507732107841841,0.6197183098591549,71
205,ridge,propensity,3,normal,0.016718265108282677,0.9010989010989011,91
205,ridge,propensity,4,all,0.022372243009450975,0.7333333333333333,180
205,ridge,propensity,4,event,0.03656403948585355,0.6,25
205,ridge,propensity,4,disrupted,0.024514437626060148,0.6285714285714286,70
205,ridge,propensity,4,normal,0.01748776728597809,0.8369565217391305,92
205,ridge,propensity,5,all,0.022775458218146503,0.7444444444444445,180
205,ridge,propensity,5,event,0.03633278565888395,0.64,25
205,ridge,propensity,5,disrupted,0.02492434325900874,0.6376811594202898,69
205,ridge,propensity,5,normal,0.018218182500028393,0.8494623655913979,93
205,ridge,propensity,6,all,0.02297060261801983,0.7111111111111111,180
205,ridge,propensity,6,event,0.036180550889771936,0.6,25
205,ridge,propensity,6,disrupted,0.02530110764597735,0.6176470588235294,68
205,ridge,propensity,6,normal,0.018366408759470442,0.8085106382978723,94
205,ridge,propensity,7,all,0.023421337870122377,0.7222222222222222,180
205,ridge,propensity,7,event,0.03841693510823495,0.56,25
205,ridge,propensity,7,disrupted,0.025728417379804618,0.6119402985074627,67
205,ridge,propensity,7,normal,0.018788996216041735,0.8315789473684211,95
205,ridge,propensity,8,all,0.023425287402191266,0.75,180
205,ridge,propensity,8,event,0.03955842051340093,0.56,25
205,ridge,propensity,8,disrupted,0.02599045822971679,0.6515151515151515,66
205,ridge,propensity,8,normal,0.01837527182415593,0.8541666666666666,96
205,ridge,propensity,9,all,0.023608723317603445,0.7666666666666667,180
205,ridge,propensity,9,event,0.038927047221845285,0.6,25
205,ridge,propensity,9,disrupted,0.025467892969152216,0.6461538461538462,65
205,ridge,propensity,9,normal,0.019067193213546156,0.8762886597938144,97
205,ridge,propensity,10,all,0.023381873172292202,0.7666666666666667,180
205,ridge,propensity,10,event,0.03786490272993837,0.6,25
205,ridge,propensity,10,disrupted,0.025450674464247584,0.671875,64
205,ridge,propensity,10,normal,0.018833107189397777,0.8571428571428571,98
205,ridge,propensity,11,all,0.02334483753520819,0.7611111111111111,180
205,ridge,propensity,11,event,0.03842157189165546,0.625,24
205,ridge,propensity,11,disrupted,0.02577413573264829,0.6349206349206349,63
205,ridge,propensity,11,normal,0.018600861126702298,0.8686868686868687,99
205,ridge,propensity,12,all,0.023712932764484343,0.7444444444444445,180
205,ridge,propensity,12,event,0.0405253737615107,0.5833333333333334,24
205,ridge,propensity,12,disrupted,0.027141577182858062,0.5645161290322581,62
205,ridge,propensity,12,normal,0.01844209899480857,0.88,100
205,ridge,propensity,13,all,0.02376729707445508,0.75,180
205,ridge,propensity,13,event,0.03997244605975362,0.5833333333333334,24
205,ridge,propensity,13,disrupted,0.02760141538830293,0.5645161290322581,62
205,ridge,propensity,13,normal,0.018335660747614828,0.89,100
205,ridge,arrivals,0,all,1.474269533133777,0.8388888888888889,180
205,ridge,arrivals,0,event,1.277436119231647,0.8333333333333334,24
205,ridge,arrivals,0,disrupted,1.4979846537943287,0.8450704225352113,71
205,ridge,arrivals,0,normal,1.4608726401790937,0.8478260869565217,92
205,ridge,arrivals,1,all,1.4285772230230849,0.8333333333333334,180
205,ridge,arrivals,1,event,1.2792936922437794,0.875,24
205,ridge,arrivals,1,disrupted,1.4478908187712716,0.8450704225352113,71
205,ridge,arrivals,1,normal,1.4213593943587621,0.8260869565217391,92
205,ridge,arrivals,2,all,1.4078575136540132,0.85,180
205,ridge,arrivals,2,event,1.2381497052474846,0.8333333333333334,24
205,ridge,arrivals,2,disrupted,1.4263242073984,0.8591549295774648,71
205,ridge,arrivals,2,normal,1.4089178615092268,0.8478260869565217,92
205,ridge,arrivals,3,all,1.4101261789297117,0.8555555555555555,180
205,ridge,arrivals,3,event,1.231201610366779,0.88,25
205,ridge,arrivals,3,disrupted,1.4145018933232618,0.8732394366197183,71
205,ridge,arrivals,3,normal,1.418055939941082,0.8461538461538461,91
205,ridge,arrivals,4,all,1.4388162699353264,0.8611111111111112,180
205,ridge,arrivals,4,event,1.2626929502171453,0.88,25
205,ridge,arrivals,4,disrupted,1.431869227210153,0.8571428571428571,70
205,ridge,arrivals,4,normal,1.4532873307842271,0.8586956521739131,92
205,ridge,arrivals,5,all,1.447961512873716,0.8333333333333334,180
205,ridge,arrivals,5,event,1.2113820033605713,0.84,25
205,ridge,arrivals,5,disrupted,1.4647752406150905,0.8115942028985508,69
205,ridge,arrivals,5,normal,1.459251972864166,0.8494623655913979,93
205,ridge,arrivals,6,all,1.4548874606536573,0.8444444444444444,180
205,ridge,arrivals,6,event,1.216874268611501,0.84,25
205,ridge,arrivals,6,disrupted,1.4916881063574923,0.8235294117647058,68
205,ridge,arrivals,6,normal,1.453403327836051,0.8617021276595744,94
205,ridge,arrivals,7,all,1.4783207926252486,0.8388888888888889,180
205,ridge,arrivals,7,event,1.2698685471496152,0.84,25
205,ridge,arrivals,7,disrupted,1.5139436316147934,0.8059701492537313,67
205,ridge,arrivals,7,normal,1.477780443553419,0.8631578947368421,95
205,ridge,arrivals,8,all,1.4895609643700147,0.8333333333333334,180
205,ridge,arrivals,8,event,1.283602974701872,0.84,25
205,ridge,arrivals,8,disrupted,1.5249108299603034,0.803030303030303,66
205,ridge,arrivals,8,normal,1.4818783665414148,0.8541666666666666,96
205,ridge,arrivals,9,all,1.495760269282167,0.8222222222222222,180
205,ridge,arrivals,9,event,1.2567801506427685,0.84,25
205,ridge,arrivals,9,disrupted,1.5312505558779443,0.8153846153846154,65
205,ridge,arrivals,9,normal,1.4875431948121625,0.8350515463917526,97
205,ridge,arrivals,10,all,1.5188460383958262,0.7944444444444444,180
205,ridge,arrivals,10,event,1.285550986114376,0.88,25
205,ridge,arrivals,10,disrupted,1.5579419344656147,0.796875,64
205,ridge,arrivals,10,normal,1.5183427213214877,0.7857142857142857,98
205,ridge,arrivals,11,all,1.5143055788389386,0.8055555555555556,180
205,ridge,arrivals,11,event,1.2192202161416223,0.875,24
205,ridge,arrivals,11,disrupted,1.5860787514085708,0.8253968253968254,63
205,ridge,arrivals,11,normal,1.5142846732673878,0.7878787878787878,99
205,ridge,arrivals,12,all,1.506869467218179,0.8055555555555556,180
205,ridge,arrivals,12,event,1.1377784405658342,0.875,24
205,ridge,arrivals,12,disrupted,1.5700251738994462,0.8387096774193549,62
205,ridge,arrivals,12,normal,1.5226848444489185,0.78,100
205,ridge,arrivals,13,all,1.4812901693971066,0.7888888888888889,180
205,ridge,arrivals,13,event,1.126307565394306,0.875,24
205,ridge,arrivals,13,disrupted,1.5188164201774343,0.8225806451612904,62
205,ridge,arrivals,13,normal,1.509991627163853,0.76,100
205,ridge,price_fast,1,all,0.26134497513995236,0.8388888888888889,180
205,ridge,price_fast,1,event,0.29761319711787076,0.7083333333333334,24
205,ridge,price_fast,1,disrupted,0.32334739356998526,0.8309859154929577,71
205,ridge,price_fast,1,normal,0.21218575546910418,0.8695652173913043,92
205,ridge,price_fast,2,all,0.2717790147282726,0.8388888888888889,180
205,ridge,price_fast,2,event,0.30116583340303493,0.7083333333333334,24
205,ridge,price_fast,2,disrupted,0.33710284492944614,0.8450704225352113,71
205,ridge,price_fast,2,normal,0.2214444943123389,0.8586956521739131,92
205,ridge,price_fast,3,all,0.28577798861931397,0.8277777777777777,180
205,ridge,price_fast,3,event,0.3223927585867073,0.68,25
205,ridge,price_fast,3,disrupted,0.3622903241208195,0.8169014084507042,71
205,ridge,price_fast,3,normal,0.22540366949431906,0.8681318681318682,91
205,ridge,price_fast,4,all,0.29098988447177493,0.8166666666666667,180
205,ridge,price_fast,4,event,0.33349065278629325,0.72,25
205,ridge,price_fast,4,disrupted,0.37197895121565305,0.8142857142857143,70
205,ridge,price_fast,4,normal,0.2288396643073553,0.8369565217391305,92
205,ridge,price_fast,5,all,0.2952080583174425,0.8277777777777777,180
205,ridge,price_fast,5,event,0.3554463423639258,0.72,25
205,ridge,price_fast,5,disrupted,0.37789098138218796,0.8260869565217391,69
205,ridge,price_fast,5,normal,0.23210818049419835,0.8494623655913979,93
205,ridge,price_fast,6,all,0.30088950865685865,0.8222222222222222,180
205,ridge,price_fast,6,event,0.36039496044625435,0.72,25
205,ridge,price_fast,6,disrupted,0.3953480651434565,0.8382352941176471,68
205,ridge,price_fast,6,normal,0.23157786664938368,0.8297872340425532,94
205,ridge,price_fast,7,all,0.3089776398766684,0.8611111111111112,180
205,ridge,price_fast,7,event,0.3687025269869587,0.8,25
205,ridge,price_fast,7,disrupted,0.40740448096664167,0.835820895522388,67
205,ridge,price_fast,7,normal,0.240319930265768,0.8842105263157894,95
205,ridge,price_fast,8,all,0.312045652506931,0.85,180
205,ridge,price_fast,8,event,0.3773792429336706,0.8,25
205,ridge,price_fast,8,disrupted,0.4127560964389278,0.7878787878787878,66
205,ridge,price_fast,8,normal,0.24506384482134144,0.8958333333333334,96
205,ridge,price_fast,9,all,0.3222497280953489,0.8333333333333334,180
205,ridge,price_fast,9,event,0.3796398277299807,0.84,25
205,ridge,price_fast,9,disrupted,0.42078461629529973,0.7692307692307693,65
205,ridge,price_fast,9,normal,0.25772897722729443,0.8762886597938144,97
205,ridge,price_fast,10,all,0.33127668499783847,0.8166666666666667,180
205,ridge,price_fast,10,event,0.3727922852844037,0.8,25
205,ridge,price_fast,10,disrupted,0.42628924022084475,0.765625,64
205,ridge,price_fast,10,normal,0.2739568627914794,0.8469387755102041,98
205,ridge,price_fast,11,all,0.33983912407937966,0.8333333333333334,180
205,ridge,price_fast,11,event,0.35799914484825424,0.7916666666666666,24
205,ridge,price_fast,11,disrupted,0.4315492406420131,0.7619047619047619,63
205,ridge,price_fast,11,normal,0.28522674658702474,0.8888888888888888,99
205,ridge,price_fast,12,all,0.34744779851956054,0.8222222222222222,180
205,ridge,price_fast,12,event,0.37071600775128344,0.7916666666666666,24
205,ridge,price_fast,12,disrupted,0.439153615505869,0.7741935483870968,62
205,ridge,price_fast,12,normal,0.2920213282964765,0.86,100
205,ridge,price_fast,13,all,0.35491523759052535,0.7777777777777778,180
205,ridge,price_fast,13,event,0.37054607747657947,0.7083333333333334,24
205,ridge,price_fast,13,disrupted,0.45979098526834195,0.7096774193548387,62
205,ridge,price_fast,13,normal,0.2917153720030193,0.84,100
205,ridge,price_slow,1,all,0.17045596930227422,0.7833333333333333,180
205,ridge,price_slow,1,event,0.1532525255496804,0.875,24
205,ridge,price_slow,1,disrupted,0.19381431306517832,0.8309859154929577,71
205,ridge,price_slow,1,normal,0.161032037914766,0.7282608695652174,92
205,ridge,price_slow,2,all,0.17278428172007962,0.7777777777777778,180
205,ridge,price_slow,2,event,0.15440169760191605,0.8333333333333334,24
205,ridge,price_slow,2,disrupted,0.1956297286529045,0.8450704225352113,71
205,ridge,price_slow,2,normal,0.16301514487621904,0.717391304347826,92
205,ridge,price_slow,3,all,0.17758192105299758,0.7833333333333333,180
205,ridge,price_slow,3,event,0.1773469948665896,0.76,25
205,ridge,price_slow,3,disrupted,0.19739914598180358,0.8591549295774648,71
205,ridge,price_slow,3,normal,0.16566396974226968,0.7362637362637363,91
205,ridge,price_slow,4,all,0.17924353205562638,0.8055555555555556,180
205,ridge,price_slow,4,event,0.178031783789405,0.8,25
205,ridge,price_slow,4,disrupted,0.1905760853324776,0.8857142857142857,70
205,ridge,price_slow,4,normal,0.174689686435608,0.75,92
205,ridge,price_slow,5,all,0.18401736302450378,0.8,180
205,ridge,price_slow,5,event,0.20012584931058924,0.8,25
205,ridge,price_slow,5,disrupted,0.1899265716252275,0.8695652173913043,69
205,ridge,price_slow,5,normal,0.1814106741116325,0.7526881720430108,93
205,ridge,price_slow,6,all,0.18876163996824494,0.8,180
205,ridge,price_slow,6,event,0.1998005823499231,0.8,25
205,ridge,price_slow,6,disrupted,0.19484044886008184,0.8970588235294118,68
205,ridge,price_slow,6,normal,0.18733914022798204,0.7340425531914894,94
205,ridge,price_slow,7,all,0.19556706624750184,0.8277777777777777,180
205,ridge,price_slow,7,event,0.20227764723451036,0.76,25
205,ridge,price_slow,7,disrupted,0.19687227829178128,0.8955223880597015,67
205,ridge,price_slow,7,normal,0.1992966892558089,0.8,95
205,ridge,price_slow,8,all,0.20463905438680546,0.8111111111111111,180
205,ridge,price_slow,8,event,0.21622152208561757,0.8,25
205,ridge,price_slow,8,disrupted,0.20881669817720355,0.8636363636363636,66
205,ridge,price_slow,8,normal,0.2055213309648695,0.7708333333333334,96
205,ridge,price_slow,9,all,0.22020180527322128,0.8111111111111111,180
205,ridge,price_slow,9,event,0.225163211098966,0.8,25
205,ridge,price_slow,9,disrupted,0.222170082506546,0.8923076923076924,65
205,ridge,price_slow,9,normal,0.22419479387695215,0.7628865979381443,97
205,ridge,price_slow,10,all,0.2388308295073448,0.8,180
205,ridge,price_slow,10,event,0.23843959707863557,0.88,25
205,ridge,price_slow,10,disrupted,0.23913364743732957,0.90625,64
205,ridge,price_slow,10,normal,0.24293717122614142,0.7244897959183674,98
205,ridge,price_slow,11,all,0.25295419849929446,0.8166666666666667,180
205,ridge,price_slow,11,event,0.25055037320517337,0.875,24
205,ridge,price_slow,11,disrupted,0.2520854377571874,0.8888888888888888,63
205,ridge,price_slow,11,normal,0.25927851634007204,0.7676767676767676,99
205,ridge,price_slow,12,all,0.26567967416242166,0.8055555555555556,180
205,ridge,price_slow,12,event,0.27066350229472275,0.7916666666666666,24
205,ridge,price_slow,12,disrupted,0.2603354506999281,0.9032258064516129,62
205,ridge,price_slow,12,normal,0.2730588905946235,0.76,100
205,ridge,price_slow,13,all,0.2795369575728568,0.8333333333333334,180
205,ridge,price_slow,13,event,0.29109563081078904,0.8333333333333334,24
205,ridge,price_slow,13,disrupted,0.26799798783199685,0.9193548387096774,62
205,ridge,price_slow,13,normal,0.2887208880229313,0.79,100
205,ridge,cap_fast,1,all,19.6136717726069,0.6333333333333333,180
205,ridge,cap_fast,1,event,16.159810902008655,0.7083333333333334,24
205,ridge,cap_fast,1,disrupted,31.72419619721171,0.5633802816901409,71
205,ridge,cap_fast,1,normal,11.548151879450776,0.6739130434782609,92
205,ridge,cap_fast,2,all,19.368323947366267,0.6555555555555556,180
205,ridge,cap_fast,2,event,17.416110422496285,0.625,24
205,ridge,cap_fast,2,disrupted,31.042164682442976,0.5633802816901409,71
205,ridge,cap_fast,2,normal,11.458601412414124,0.7282608695652174,92
205,ridge,cap_fast,3,all,19.12145673919346,0.6444444444444445,180
205,ridge,cap_fast,3,event,16.86069232103183,0.64,25
205,ridge,cap_fast,3,disrupted,30.46914358643697,0.5492957746478874,71
205,ridge,cap_fast,3,normal,11.447230173026627,0.7142857142857143,91
205,ridge,cap_fast,4,all,18.972593399181825,0.6444444444444445,180
205,ridge,cap_fast,4,event,15.848735546566223,0.64,25
205,ridge,cap_fast,4,disrupted,30.82389205965875,0.5714285714285714,70
205,ridge,cap_fast,4,normal,11.401836155592113,0.6956521739130435,92
205,ridge,cap_fast,5,all,19.064587591123413,0.6555555555555556,180
205,ridge,cap_fast,5,event,15.566014615672398,0.64,25
205,ridge,cap_fast,5,disrupted,31.41774753027213,0.5652173913043478,69
205,ridge,cap_fast,5,normal,11.42793574328146,0.7204301075268817,93
205,ridge,cap_fast,6,all,19.350126191663964,0.6166666666666667,180
205,ridge,cap_fast,6,event,15.554972738987091,0.6,25
205,ridge,cap_fast,6,disrupted,31.967575581242038,0.5441176470588235,68
205,ridge,cap_fast,6,normal,11.769712153578768,0.6702127659574468,94
205,ridge,cap_fast,7,all,19.570265977487047,0.6277777777777778,180
205,ridge,cap_fast,7,event,15.337364263994825,0.6,25
205,ridge,cap_fast,7,disrupted,32.14539426573807,0.582089552238806,67
205,ridge,cap_fast,7,normal,12.321835223599876,0.6631578947368421,95
205,ridge,cap_fast,8,all,20.107366276656002,0.6111111111111112,180
205,ridge,cap_fast,8,event,16.074651960863715,0.6,25
205,ridge,cap_fast,8,disrupted,32.99997263136825,0.5909090909090909,66
205,ridge,cap_fast,8,normal,12.737592922067046,0.625,96
205,ridge,cap_fast,9,all,20.617488690481682,0.6444444444444445,180
205,ridge,cap_fast,9,event,17.122258016641535,0.64,25
205,ridge,cap_fast,9,disrupted,34.04870786321399,0.6,65
205,ridge,cap_fast,9,normal,12.95842261371581,0.6804123711340206,97
205,ridge,cap_fast,10,all,21.145387594178796,0.6555555555555556,180
205,ridge,cap_fast,10,event,16.984191868092374,0.64,25
205,ridge,cap_fast,10,disrupted,35.59327063079476,0.5625,64
205,ridge,cap_fast,10,normal,13.010086869195382,0.7244897959183674,98
205,ridge,cap_fast,11,all,21.760411549790025,0.6388888888888888,180
205,ridge,cap_fast,11,event,18.03962386693585,0.6666666666666666,24
205,ridge,cap_fast,11,disrupted,37.10200866110614,0.5555555555555556,63
205,ridge,cap_fast,11,normal,13.36322765820795,0.6868686868686869,99
205,ridge,cap_fast,12,all,22.121585318099587,0.6555555555555556,180
205,ridge,cap_fast,12,event,18.852938604687175,0.625,24
205,ridge,cap_fast,12,disrupted,38.44501679082203,0.5483870967741935,62
205,ridge,cap_fast,12,normal,13.308216807100637,0.73,100
205,ridge,cap_fast,13,all,22.342284466821486,0.6722222222222223,180
205,ridge,cap_fast,13,event,19.057668233440328,0.7083333333333334,24
205,ridge,cap_fast,13,disrupted,38.86047395242536,0.5483870967741935,62
205,ridge,cap_fast,13,normal,13.410228656248382,0.74,100
205,ridge,cap_slow,1,all,30.62179484142963,0.7888888888888889,180
205,ridge,cap_slow,1,event,28.697710884346417,0.8333333333333334,24
205,ridge,cap_slow,1,disrupted,54.65185308483681,0.6901408450704225,71
205,ridge,cap_slow,1,normal,15.347666865130885,0.8369565217391305,92
205,ridge,cap_slow,2,all,31.225315076018937,0.8055555555555556,180
205,ridge,cap_slow,2,event,29.977123335674108,0.8333333333333334,24
205,ridge,cap_slow,2,disrupted,54.93906174450293,0.7605633802816901,71
205,ridge,cap_slow,2,normal,16.184656490326102,0.8260869565217391,92
205,ridge,cap_slow,3,all,31.530063703272553,0.8111111111111111,180
205,ridge,cap_slow,3,event,30.680107808936782,0.84,25
205,ridge,cap_slow,3,disrupted,54.95137045491391,0.7464788732394366,71
205,ridge,cap_slow,3,normal,16.655791274948534,0.8461538461538461,91
205,ridge,cap_slow,4,all,31.35082999859455,0.8166666666666667,180
205,ridge,cap_slow,4,event,30.709306975350202,0.84,25
205,ridge,cap_slow,4,disrupted,54.30754898765953,0.7428571428571429,70
205,ridge,cap_slow,4,normal,17.270033187965907,0.8586956521739131,92
205,ridge,cap_slow,5,all,31.29728648086466,0.8,180
205,ridge,cap_slow,5,event,31.25213425916884,0.8,25
205,ridge,cap_slow,5,disrupted,53.78684763884374,0.7246376811594203,69
205,ridge,cap_slow,5,normal,17.786583634788613,0.8387096774193549,93
205,ridge,cap_slow,6,all,31.252857745875332,0.8166666666666667,180
205,ridge,cap_slow,6,event,31.200650008834508,0.8,25
205,ridge,cap_slow,6,disrupted,53.62687610392206,0.7352941176470589,68
205,ridge,cap_slow,6,normal,18.137919691125067,0.8617021276595744,94
205,ridge,cap_slow,7,all,31.329477022964724,0.8333333333333334,180
205,ridge,cap_slow,7,event,32.132029443203706,0.84,25
205,ridge,cap_slow,7,disrupted,53.54418904043992,0.746268656716418,67
205,ridge,cap_slow,7,normal,18.687977731941384,0.8736842105263158,95
205,ridge,cap_slow,8,all,31.29110173107636,0.8222222222222222,180
205,ridge,cap_slow,8,event,32.835719462801464,0.84,25
205,ridge,cap_slow,8,disrupted,53.40651408817688,0.7424242424242424,66
205,ridge,cap_slow,8,normal,18.929157981824,0.8541666666666666,96
205,ridge,cap_slow,9,all,31.18930056552595,0.8333333333333334,180
205,ridge,cap_slow,9,event,33.28295510329546,0.88,25
205,ridge,cap_slow,9,disrupted,53.4338522399332,0.7846153846153846,65
205,ridge,cap_slow,9,normal,18.94583726381438,0.845360824742268,97
205,ridge,cap_slow,10,all,31.15968815251202,0.8388888888888889,180
205,ridge,cap_slow,10,event,33.1885858238933,0.88,25
205,ridge,cap_slow,10,disrupted,53.39276036615239,0.765625,64
205,ridge,cap_slow,10,normal,19.29631593407501,0.8673469387755102,98
205,ridge,cap_slow,11,all,31.02736782101189,0.8388888888888889,180
205,ridge,cap_slow,11,event,30.043052311430007,0.875,24
205,ridge,cap_slow,11,disrupted,53.25720878322239,0.7619047619047619,63
205,ridge,cap_slow,11,normal,19.57549463605135,0.8686868686868687,99
205,ridge,cap_slow,12,all,30.81065217713079,0.8555555555555555,180
205,ridge,cap_slow,12,event,30.21650545420438,0.9166666666666666,24
205,ridge,cap_slow,12,disrupted,52.96081800072675,0.7903225806451613,62
205,ridge,cap_slow,12,normal,19.766324350819854,0.87,100
205,ridge,cap_slow,13,all,31.16643216574805,0.8555555555555555,180
205,ridge,cap_slow,13,event,30.395942949033444,0.9583333333333334,24
205,ridge,cap_slow,13,disrupted,54.036645976267415,0.8064516129032258,62
205,ridge,cap_slow,13,normal,19.723477951932512,0.86,100
205,gbm,propensity,0,all,0.019067772304591193,0.8333333333333334,180
205,gbm,propensity,0,event,0.02283737059714507,0.7916666666666666,24
205,gbm,propensity,0,disrupted,0.023432856240529522,0.7464788732394366,71
205,gbm,propensity,0,normal,0.015602494291293121,0.9130434782608695,92
205,gbm,propensity,1,all,0.019637613358461196,0.8388888888888889,180
205,gbm,propensity,1,event,0.025201844424247954,0.7916666666666666,24
205,gbm,propensity,1,disrupted,0.02388472389714849,0.7746478873239436,71
205,gbm,propensity,1,normal,0.015979039659233318,0.9021739130434783,92
205,gbm,propensity,2,all,0.02029769549003374,0.7888888888888889,180
205,gbm,propensity,2,event,0.025747462676642453,0.75,24
205,gbm,propensity,2,disrupted,0.02429268089547955,0.7323943661971831,71
205,gbm,propensity,2,normal,0.01684604241884643,0.8478260869565217,92
205,gbm,propensity,3,all,0.02119616786318196,0.7777777777777778,180
205,gbm,propensity,3,event,0.031221989438874886,0.64,25
205,gbm,propensity,3,disrupted,0.024584449136583284,0.7464788732394366,71
205,gbm,propensity,3,normal,0.017138729821702087,0.8351648351648352,91
205,gbm,propensity,4,all,0.021983106773323196,0.7777777777777778,180
205,gbm,propensity,4,event,0.031101608188743617,0.72,25
205,gbm,propensity,4,disrupted,0.025299564343381813,0.7285714285714285,70
205,gbm,propensity,4,normal,0.01832325149842529,0.8260869565217391,92
205,gbm,propensity,5,all,0.0224022479464123,0.7833333333333333,180
205,gbm,propensity,5,event,0.03131641393060518,0.72,25
205,gbm,propensity,5,disrupted,0.025055577383509914,0.7391304347826086,69
205,gbm,propensity,5,normal,0.01925047325617536,0.8172043010752689,93
205,gbm,propensity,6,all,0.022983339388502198,0.7888888888888889,180
205,gbm,propensity,6,event,0.03209997009085616,0.76,25
205,gbm,propensity,6,disrupted,0.025899572393420237,0.7647058823529411,68
205,gbm,propensity,6,normal,0.019774693912224296,0.8085106382978723,94
205,gbm,propensity,7,all,0.02332872486102216,0.8,180
205,gbm,propensity,7,event,0.034182922449116124,0.68,25
205,gbm,propensity,7,disrupted,0.02594759786057456,0.7761194029850746,67
205,gbm,propensity,7,normal,0.020102399620945535,0.8315789473684211,95
205,gbm,propensity,8,all,0.023904530724387973,0.8,180
205,gbm,propensity,8,event,0.03444033039049589,0.64,25
205,gbm,propensity,8,disrupted,0.026166544213453463,0.7575757575757576,66
205,gbm,propensity,8,normal,0.021013792511236234,0.84375,96
205,gbm,propensity,9,all,0.023317089073475995,0.8222222222222222,180
205,gbm,propensity,9,event,0.030584373929180616,0.76,25
205,gbm,propensity,9,disrupted,0.02529756680744092,0.7692307692307693,65
205,gbm,propensity,9,normal,0.021168116358840184,0.865979381443299,97
205,gbm,propensity,10,all,0.02375943570786967,0.8055555555555556,180
205,gbm,propensity,10,event,0.03328056940606799,0.68,25
205,gbm,propensity,10,disrupted,0.025498367112549075,0.765625,64
205,gbm,propensity,10,normal,0.02117650364441298,0.8469387755102041,98
205,gbm,propensity,11,all,0.023405333259917328,0.7833333333333333,180
205,gbm,propensity,11,event,0.0284235914945639,0.7083333333333334,24
205,gbm,propensity,11,disrupted,0.025009493629072482,0.7301587301587301,63
205,gbm,propensity,11,normal,0.021455271328924126,0.8282828282828283,99
205,gbm,propensity,12,all,0.023574020429293543,0.7944444444444444,180
205,gbm,propensity,12,event,0.03036763357360535,0.5416666666666666,24
205,gbm,propensity,12,disrupted,0.024846655224923082,0.7741935483870968,62
205,gbm,propensity,12,normal,0.021650338046911802,0.86,100
205,gbm,propensity,13,all,0.022902286202454006,0.7888888888888889,180
205,gbm,propensity,13,event,0.02826301289849539,0.7083333333333334,24
205,gbm,propensity,13,disrupted,0.023500098527489025,0.7580645161290323,62
205,gbm,propensity,13,normal,0.02159436950825032,0.83,100
205,gbm,arrivals,0,all,1.5848801896378513,0.8111111111111111,180
205,gbm,arrivals,0,event,1.3438104445447265,0.875,24
205,gbm,arrivals,0,disrupted,1.7744680692904249,0.7887323943661971,71
205,gbm,arrivals,0,normal,1.4834069107092234,0.8260869565217391,92
205,gbm,arrivals,1,all,1.6219001686329957,0.8222222222222222,180
205,gbm,arrivals,1,event,1.4377009127998415,0.9166666666666666,24
205,gbm,arrivals,1,disrupted,1.757268456355361,0.8028169014084507,71
205,gbm,arrivals,1,normal,1.5409330694545091,0.8260869565217391,92
205,gbm,arrivals,2,all,1.660583858444749,0.7944444444444444,180
205,gbm,arrivals,2,event,1.3920333938805272,0.9166666666666666,24
205,gbm,arrivals,2,disrupted,1.7630357742105245,0.7887323943661971,71
205,gbm,arrivals,2,normal,1.6336240310313015,0.782608695652174,92
205,gbm,arrivals,3,all,1.6617767428334544,0.7833333333333333,180
205,gbm,arrivals,3,event,1.4344296682892657,0.88,25
205,gbm,arrivals,3,disrupted,1.7356485313651513,0.7746478873239436,71
205,gbm,arrivals,3,normal,1.6280858478491533,0.7802197802197802,91
205,gbm,arrivals,4,all,1.691802421069379,0.7888888888888889,180
205,gbm,arrivals,4,event,1.491000083385224,0.88,25
205,gbm,arrivals,4,disrupted,1.7398647302375265,0.7857142857142857,70
205,gbm,arrivals,4,normal,1.6744837711934975,0.782608695652174,92
205,gbm,arrivals,5,all,1.6925840287365985,0.7777777777777778,180
205,gbm,arrivals,5,event,1.3876504896481299,0.88,25
205,gbm,arrivals,5,disrupted,1.7302130267363658,0.7681159420289855,69
205,gbm,arrivals,5,normal,1.701251987267551,0.7741935483870968,93
205,gbm,arrivals,6,all,1.6555878732419833,0.7666666666666667,180
205,gbm,arrivals,6,event,1.354196067688909,0.8,25
205,gbm,arrivals,6,disrupted,1.689177632018242,0.7352941176470589,68
205,gbm,arrivals,6,normal,1.6613590954547501,0.7872340425531915,94
205,gbm,arrivals,7,all,1.6604353308549513,0.7555555555555555,180
205,gbm,arrivals,7,event,1.3973370011627246,0.8,25
205,gbm,arrivals,7,disrupted,1.738522734651544,0.7164179104477612,67
205,gbm,arrivals,7,normal,1.6351373642489235,0.7789473684210526,95
205,gbm,arrivals,8,all,1.6796888719988854,0.7555555555555555,180
205,gbm,arrivals,8,event,1.3115626286530473,0.88,25
205,gbm,arrivals,8,disrupted,1.7375345337443826,0.7272727272727273,66
205,gbm,arrivals,8,normal,1.6853448715946817,0.75,96
205,gbm,arrivals,9,all,1.6692760040440222,0.7444444444444445,180
205,gbm,arrivals,9,event,1.3049662034176686,0.8,25
205,gbm,arrivals,9,disrupted,1.7623860345245306,0.7384615384615385,65
205,gbm,arrivals,9,normal,1.6455884045889628,0.7422680412371134,97
205,gbm,arrivals,10,all,1.731375234933992,0.75,180
205,gbm,arrivals,10,event,1.4226160024755348,0.8,25
205,gbm,arrivals,10,disrupted,1.8486610582542995,0.734375,64
205,gbm,arrivals,10,normal,1.6855342104933546,0.7551020408163265,98
205,gbm,arrivals,11,all,1.6756737464925342,0.7666666666666667,180
205,gbm,arrivals,11,event,1.4257342479616149,0.8333333333333334,24
205,gbm,arrivals,11,disrupted,1.7871982279914085,0.7619047619047619,63
205,gbm,arrivals,11,normal,1.6313182396611612,0.7676767676767676,99
205,gbm,arrivals,12,all,1.681723724061096,0.7333333333333333,180
205,gbm,arrivals,12,event,1.3893225850900741,0.7916666666666666,24
205,gbm,arrivals,12,disrupted,1.8146501992083857,0.7258064516129032,62
205,gbm,arrivals,12,normal,1.6437860777907998,0.73,100
205,gbm,arrivals,13,all,1.6693054578340094,0.7444444444444445,180
205,gbm,arrivals,13,event,1.4481330111622182,0.7916666666666666,24
205,gbm,arrivals,13,disrupted,1.7582812426353098,0.7419354838709677,62
205,gbm,arrivals,13,normal,1.649722693852981,0.74,100
205,gbm,price_fast,1,all,0.32521209083905744,0.8055555555555556,180
205,gbm,price_fast,1,event,0.3267349879967399,0.7916666666666666,24
205,gbm,price_fast,1,disrupted,0.4051199954887765,0.7887323943661971,71
205,gbm,price_fast,1,normal,0.27985673154060925,0.8043478260869565,92
205,gbm,price_fast,2,all,0.3527284612706979,0.7833333333333333,180
205,gbm,price_fast,2,event,0.341587842458322,0.7916666666666666,24
205,gbm,price_fast,2,disrupted,0.4505593919515538,0.7183098591549296,71
205,gbm,price_fast,2,normal,0.29595439491371633,0.8152173913043478,92
205,gbm,price_fast,3,all,0.369745252507788,0.7722222222222223,180
205,gbm,price_fast,3,event,0.3429168502251575,0.84,25
205,gbm,price_fast,3,disrupted,0.4705446906487199,0.704225352112676,71
205,gbm,price_fast,3,normal,0.3101909478629663,0.8021978021978022,91
205,gbm,price_fast,4,all,0.3756775888615311,0.7666666666666667,180
205,gbm,price_fast,4,event,0.3671314209160116,0.8,25
205,gbm,price_fast,4,disrupted,0.47419831945065555,0.7285714285714285,70
205,gbm,price_fast,4,normal,0.3167314976043607,0.782608695652174,92
205,gbm,price_fast,5,all,0.3806990819366694,0.7611111111111111,180
205,gbm,price_fast,5,event,0.37940953308349534,0.76,25
205,gbm,price_fast,5,disrupted,0.47493140048744464,0.7536231884057971,69
205,gbm,price_fast,5,normal,0.3245264246721657,0.7634408602150538,93
205,gbm,price_fast,6,all,0.37922329088739015,0.75,180
205,gbm,price_fast,6,event,0.3732791615428082,0.8,25
205,gbm,price_fast,6,disrupted,0.4608686194677122,0.75,68
205,gbm,price_fast,6,normal,0.3311525684625798,0.7340425531914894,94
205,gbm,price_fast,7,all,0.3785034100059404,0.7388888888888889,180
205,gbm,price_fast,7,event,0.3706977558701518,0.8,25
205,gbm,price_fast,7,disrupted,0.4430973881347661,0.7313432835820896,67
205,gbm,price_fast,7,normal,0.3433329494087221,0.7263157894736842,95
205,gbm,price_fast,8,all,0.3790449487346259,0.75,180
205,gbm,price_fast,8,event,0.3964003366445917,0.8,25
205,gbm,price_fast,8,disrupted,0.4418498002723729,0.7575757575757576,66
205,gbm,price_fast,8,normal,0.3402108858896118,0.7291666666666666,96
205,gbm,price_fast,9,all,0.3681763413602793,0.7666666666666667,180
205,gbm,price_fast,9,event,0.3837042875334768,0.84,25
205,gbm,price_fast,9,disrupted,0.41989145274644885,0.7846153846153846,65
205,gbm,price_fast,9,normal,0.3355623565416395,0.7422680412371134,97
205,gbm,price_fast,10,all,0.36317824385514463,0.7833333333333333,180
205,gbm,price_fast,10,event,0.3959326004245591,0.8,25
205,gbm,price_fast,10,disrupted,0.4200019222456535,0.78125,64
205,gbm,price_fast,10,normal,0.32634764952264045,0.7755102040816326,98
205,gbm,price_fast,11,all,0.3646843827326609,0.7777777777777778,180
205,gbm,price_fast,11,event,0.3680691690389051,0.8333333333333334,24
205,gbm,price_fast,11,disrupted,0.4266025477364491,0.7619047619047619,63
205,gbm,price_fast,11,normal,0.33461957921691665,0.7676767676767676,99
205,gbm,price_fast,12,all,0.3683346240739409,0.7777777777777778,180
205,gbm,price_fast,12,event,0.36215368305843487,0.8333333333333334,24
205,gbm,price_fast,12,disrupted,0.4370833239472219,0.7419354838709677,62
205,gbm,price_fast,12,normal,0.33709787257385765,0.78,100
205,gbm,price_fast,13,all,0.3778800108453962,0.7722222222222223,180
205,gbm,price_fast,13,event,0.3713761684823293,0.8333333333333334,24
205,gbm,price_fast,13,disrupted,0.4681257796085708,0.7258064516129032,62
205,gbm,price_fast,13,normal,0.33246259137999495,0.78,100
205,gbm,price_slow,1,all,0.18513085606847987,0.7277777777777777,180
205,gbm,price_slow,1,event,0.16103603636644104,0.75,24
205,gbm,price_slow,1,disrupted,0.21924739230641638,0.7464788732394366,71
205,gbm,price_slow,1,normal,0.1699647656200744,0.7065217391304348,92
205,gbm,price_slow,2,all,0.19095628841272846,0.7388888888888889,180
205,gbm,price_slow,2,event,0.1890742715462802,0.7083333333333334,24
205,gbm,price_slow,2,disrupted,0.22611065585207688,0.7323943661971831,71
205,gbm,price_slow,2,normal,0.1695880436482587,0.75,92
205,gbm,price_slow,3,all,0.1928040994989006,0.75,180
205,gbm,price_slow,3,event,0.1797068031463295,0.68,25
205,gbm,price_slow,3,disrupted,0.23063035238678614,0.7464788732394366,71
205,gbm,price_slow,3,normal,0.17139777861704528,0.7692307692307693,91
205,gbm,price_slow,4,all,0.20247883605218592,0.7555555555555555,180
205,gbm,price_slow,4,event,0.2031275979425847,0.64,25
205,gbm,price_slow,4,disrupted,0.2353100875475436,0.7142857142857143,70
205,gbm,price_slow,4,normal,0.18500998166667276,0.7934782608695652,92
205,gbm,price_slow,5,all,0.2091792437542822,0.7611111111111111,180
205,gbm,price_slow,5,event,0.21118936996191198,0.72,25
205,gbm,price_slow,5,disrupted,0.23683470383972585,0.7681159420289855,69
205,gbm,price_slow,5,normal,0.19512409119074658,0.7634408602150538,93
205,gbm,price_slow,6,all,0.2198467544201352,0.7611111111111111,180
205,gbm,price_slow,6,event,0.21424543046512007,0.76,25
205,gbm,price_slow,6,disrupted,0.24462260456990179,0.75,68
205,gbm,price_slow,6,normal,0.21026419442437752,0.776595744680851,94
205,gbm,price_slow,7,all,0.22650749003739645,0.7888888888888889,180
205,gbm,price_slow,7,event,0.23560748556337113,0.72,25
205,gbm,price_slow,7,disrupted,0.2499439207591554,0.8208955223880597,67
205,gbm,price_slow,7,normal,0.21526955529403546,0.7789473684210526,95
205,gbm,price_slow,8,all,0.23099948938047457,0.7722222222222223,180
205,gbm,price_slow,8,event,0.23459644383011377,0.72,25
205,gbm,price_slow,8,disrupted,0.2502373208176953,0.8181818181818182,66
205,gbm,price_slow,8,normal,0.2237249556511367,0.75,96
205,gbm,price_slow,9,all,0.2341502233652394,0.7944444444444444,180
205,gbm,price_slow,9,event,0.22806898295328584,0.84,25
205,gbm,price_slow,9,disrupted,0.2583672595007982,0.8461538461538461,65
205,gbm,price_slow,9,normal,0.22710101462664123,0.7525773195876289,97
205,gbm,price_slow,10,all,0.24459944916272544,0.7777777777777778,180
205,gbm,price_slow,10,event,0.2342638370117314,0.84,25
205,gbm,price_slow,10,disrupted,0.27078444426427783,0.8125,64
205,gbm,price_slow,10,normal,0.2366131451537749,0.7448979591836735,98
205,gbm,price_slow,11,all,0.250803008095104,0.7777777777777778,180
205,gbm,price_slow,11,event,0.24684501793012173,0.75,24
205,gbm,price_slow,11,disrupted,0.2774557802523253,0.8095238095238095,63
205,gbm,price_slow,11,normal,0.24170375756154303,0.7575757575757576,99
205,gbm,price_slow,12,all,0.26007747391984193,0.7777777777777778,180
205,gbm,price_slow,12,event,0.25658327400992936,0.75,24
205,gbm,price_slow,12,disrupted,0.2767877208628252,0.8064516129032258,62
205,gbm,price_slow,12,normal,0.2562864386194767,0.76,100
205,gbm,price_slow,13,all,0.2682233235509455,0.7555555555555555,180
205,gbm,price_slow,13,event,0.2612784035096553,0.7916666666666666,24
205,gbm,price_slow,13,disrupted,0.2871257392693489,0.7903225806451613,62
205,gbm,price_slow,13,normal,0.2638275234206807,0.72,100
205,gbm,cap_fast,1,all,18.12610943268279,0.6555555555555556,180
205,gbm,cap_fast,1,event,17.813138948649584,0.6666666666666666,24
205,gbm,cap_fast,1,disrupted,30.72147515262419,0.5070422535211268,71
205,gbm,cap_fast,1,normal,9.633992088254129,0.75,92
205,gbm,cap_fast,2,all,18.731435687124122,0.6333333333333333,180
205,gbm,cap_fast,2,event,18.93483196289562,0.5833333333333334,24
205,gbm,cap_fast,2,disrupted,32.18042850690327,0.4788732394366197,71
205,gbm,cap_fast,2,normal,9.478615038560894,0.75,92
205,gbm,cap_fast,3,all,19.094043746187506,0.6277777777777778,180
205,gbm,cap_fast,3,event,17.552904057985273,0.64,25
205,gbm,cap_fast,3,disrupted,33.66100954905385,0.43661971830985913,71
205,gbm,cap_fast,3,normal,9.37085103088349,0.7582417582417582,91
205,gbm,cap_fast,4,all,19.61279911526507,0.6166666666666667,180
205,gbm,cap_fast,4,event,15.881299583599898,0.72,25
205,gbm,cap_fast,4,disrupted,35.2208755810408,0.42857142857142855,70
205,gbm,cap_fast,4,normal,10.08487134848308,0.717391304347826,92
205,gbm,cap_fast,5,all,19.65624234265959,0.6333333333333333,180
205,gbm,cap_fast,5,event,17.198604703920115,0.68,25
205,gbm,cap_fast,5,disrupted,35.281593029711985,0.4492753623188406,69
205,gbm,cap_fast,5,normal,10.100689756515942,0.7419354838709677,93
205,gbm,cap_fast,6,all,19.16296819935495,0.6277777777777778,180
205,gbm,cap_fast,6,event,17.824382454644578,0.68,25
205,gbm,cap_fast,6,disrupted,35.0938079913325,0.4411764705882353,68
205,gbm,cap_fast,6,normal,9.381597432458806,0.7340425531914894,94
205,gbm,cap_fast,7,all,18.948939503863244,0.6277777777777778,180
205,gbm,cap_fast,7,event,15.825727508158815,0.72,25
205,gbm,cap_fast,7,disrupted,36.62077708127552,0.40298507462686567,67
205,gbm,cap_fast,7,normal,8.728491481788277,0.7473684210526316,95
205,gbm,cap_fast,8,all,19.02352256164389,0.6444444444444445,180
205,gbm,cap_fast,8,event,16.127785576197034,0.72,25
205,gbm,cap_fast,8,disrupted,36.5203740451729,0.4090909090909091,66
205,gbm,cap_fast,8,normal,9.084155332743778,0.7708333333333334,96
205,gbm,cap_fast,9,all,18.641943867217854,0.6444444444444445,180
205,gbm,cap_fast,9,event,15.952523875956897,0.68,25
205,gbm,cap_fast,9,disrupted,35.52770754638029,0.4307692307692308,65
205,gbm,cap_fast,9,normal,9.226986634983438,0.7628865979381443,97
205,gbm,cap_fast,10,all,18.377299393121504,0.6777777777777778,180
205,gbm,cap_fast,10,event,16.15969226588618,0.72,25
205,gbm,cap_fast,10,disrupted,35.52439120752907,0.4375,64
205,gbm,cap_fast,10,normal,8.48269210283705,0.8163265306122449,98
205,gbm,cap_fast,11,all,18.955969536583694,0.7,180
205,gbm,cap_fast,11,event,18.517591279312224,0.625,24
205,gbm,cap_fast,11,disrupted,36.77811045338031,0.49206349206349204,63
205,gbm,cap_fast,11,normal,8.543202643243704,0.8383838383838383,99
205,gbm,cap_fast,12,all,19.59757642918905,0.6777777777777778,180
205,gbm,cap_fast,12,event,17.957026027551155,0.6666666666666666,24
205,gbm,cap_fast,12,disrupted,37.527099254695585,0.532258064516129,62
205,gbm,cap_fast,12,normal,9.991622999811229,0.76,100
205,gbm,cap_fast,13,all,19.70797293367642,0.6777777777777778,180
205,gbm,cap_fast,13,event,16.333470111642765,0.6666666666666666,24
205,gbm,cap_fast,13,disrupted,37.065410871449515,0.532258064516129,62
205,gbm,cap_fast,13,normal,10.480081248899518,0.76,100
205,gbm,cap_slow,1,all,19.731668101642494,0.8111111111111111,180
205,gbm,cap_slow,1,event,16.050622127281766,0.875,24
205,gbm,cap_slow,1,disrupted,35.78515106952812,0.6197183098591549,71
205,gbm,cap_slow,1,normal,9.517749236293872,0.9347826086956522,92
205,gbm,cap_slow,2,all,21.827273947193262,0.8111111111111111,180
205,gbm,cap_slow,2,event,14.108751680080639,0.9583333333333334,24
205,gbm,cap_slow,2,disrupted,39.80430647275539,0.6056338028169014,71
205,gbm,cap_slow,2,normal,10.757732808527507,0.9347826086956522,92
205,gbm,cap_slow,3,all,23.720453700318316,0.8111111111111111,180
205,gbm,cap_slow,3,event,18.821560899565505,0.92,25
205,gbm,cap_slow,3,disrupted,43.649188977115095,0.6197183098591549,71
205,gbm,cap_slow,3,normal,11.405035437141251,0.9230769230769231,91
205,gbm,cap_slow,4,all,25.058286073117102,0.8166666666666667,180
205,gbm,cap_slow,4,event,24.065798267698227,0.88,25
205,gbm,cap_slow,4,disrupted,46.049473309698165,0.6285714285714286,70
205,gbm,cap_slow,4,normal,12.151979026263556,0.9239130434782609,92
205,gbm,cap_slow,5,all,26.715655191438927,0.8277777777777777,180
205,gbm,cap_slow,5,event,25.95839506577012,0.84,25
205,gbm,cap_slow,5,disrupted,48.95285414810103,0.6521739130434783,69
205,gbm,cap_slow,5,normal,13.046155550418671,0.9354838709677419,93
205,gbm,cap_slow,6,all,27.836861920617004,0.8277777777777777,180
205,gbm,cap_slow,6,event,27.388454911854534,0.84,25
205,gbm,cap_slow,6,disrupted,50.21412866498866,0.6617647058823529,68
205,gbm,cap_slow,6,normal,13.845246403999667,0.9361702127659575,94
205,gbm,cap_slow,7,all,27.734946466955435,0.85,180
205,gbm,cap_slow,7,event,29.470211448945015,0.88,25
205,gbm,cap_slow,7,disrupted,48.855779121103815,0.7164179104477612,67
205,gbm,cap_slow,7,normal,14.76760752592993,0.9263157894736842,95
205,gbm,cap_slow,8,all,27.806717966098,0.8722222222222222,180
205,gbm,cap_slow,8,event,30.717634175198256,0.88,25
205,gbm,cap_slow,8,disrupted,48.79741117157148,0.7424242424242424,66
205,gbm,cap_slow,8,normal,15.214932928625492,0.9479166666666666,96
205,gbm,cap_slow,9,all,27.124633810156663,0.8888888888888888,180
205,gbm,cap_slow,9,event,30.208277657978666,0.88,25
205,gbm,cap_slow,9,disrupted,47.806796689979485,0.8,65
205,gbm,cap_slow,9,normal,15.019931925492042,0.9381443298969072,97
205,gbm,cap_slow,10,all,26.570663426257113,0.9,180
205,gbm,cap_slow,10,event,29.45260114909287,0.88,25
205,gbm,cap_slow,10,disrupted,48.155857624004284,0.796875,64
205,gbm,cap_slow,10,normal,14.42845739647354,0.9591836734693877,98
205,gbm,cap_slow,11,all,26.30374123859674,0.9055555555555556,180
205,gbm,cap_slow,11,event,26.083653021371422,0.9166666666666666,24
205,gbm,cap_slow,11,disrupted,47.78468755344313,0.8095238095238095,63
205,gbm,cap_slow,11,normal,14.911005869182938,0.9595959595959596,99
205,gbm,cap_slow,12,all,25.939216901819275,0.9111111111111111,180
205,gbm,cap_slow,12,event,28.169135496200564,0.9166666666666666,24
205,gbm,cap_slow,12,disrupted,47.226537339823224,0.8064516129032258,62
205,gbm,cap_slow,12,normal,14.630017284854251,0.97,100
205,gbm,cap_slow,13,all,26.896078634864484,0.9166666666666666,180
205,gbm,cap_slow,13,event,32.04692284268922,0.9166666666666666,24
205,gbm,cap_slow,13,disrupted,49.21477564554526,0.8064516129032258,62
205,gbm,cap_slow,13,normal,14.417858337308328,0.98,100
205,tabpfn,propensity,0,all,0.014921744180263631,0.7888888888888889,180
205,tabpfn,propensity,0,event,0.02651762921556992,0.7916666666666666,24
205,tabpfn,propensity,0,disrupted,0.02113830859296526,0.704225352112676,71
205,tabpfn,propensity,0,normal,0.009863854224215747,0.8260869565217391,92
205,tabpfn,propensity,1,all,0.016263234835382,0.8,180
205,tabpfn,propensity,1,event,0.02815043179264237,0.7083333333333334,24
205,tabpfn,propensity,1,disrupted,0.022001592527805525,0.7323943661971831,71
205,tabpfn,propensity,1,normal,0.011439547670348129,0.8478260869565217,92
205,tabpfn,propensity,2,all,0.017460071805098287,0.7833333333333333,180
205,tabpfn,propensity,2,event,0.027806260653387302,0.6666666666666666,24
205,tabpfn,propensity,2,disrupted,0.02351786443708836,0.704225352112676,71
205,tabpfn,propensity,2,normal,0.012676157521795337,0.8478260869565217,92
205,tabpfn,propensity,3,all,0.018910525844554677,0.7388888888888889,180
205,tabpfn,propensity,3,event,0.0318084303165866,0.56,25
205,tabpfn,propensity,3,disrupted,0.02398030534301265,0.704225352112676,71
205,tabpfn,propensity,3,normal,0.013703569151631715,0.7912087912087912,91
205,tabpfn,propensity,4,all,0.020123280509334433,0.7611111111111111,180
205,tabpfn,propensity,4,event,0.03155177375027598,0.64,25
205,tabpfn,propensity,4,disrupted,0.02426965161215075,0.7285714285714285,70
205,tabpfn,propensity,4,normal,0.015635256917768483,0.7934782608695652,92
205,tabpfn,propensity,5,all,0.02107463714451786,0.7333333333333333,180
205,tabpfn,propensity,5,event,0.034559272610020515,0.6,25
205,tabpfn,propensity,5,disrupted,0.02450732301500465,0.6811594202898551,69
205,tabpfn,propensity,5,normal,0.016893698749572743,0.7849462365591398,93
205,tabpfn,propensity,6,all,0.02212263655061917,0.7722222222222223,180
205,tabpfn,propensity,6,event,0.03671074737250137,0.68,25
205,tabpfn,propensity,6,disrupted,0.02523261873210097,0.75,68
205,tabpfn,propensity,6,normal,0.018086685767863243,0.7978723404255319,94
205,tabpfn,propensity,7,all,0.022950908889261688,0.7888888888888889,180
205,tabpfn,propensity,7,event,0.03989405068222382,0.64,25
205,tabpfn,propensity,7,disrupted,0.025115693886794396,0.746268656716418,67
205,tabpfn,propensity,7,normal,0.019219830894018113,0.8315789473684211,95
205,tabpfn,propensity,8,all,0.023375685060013585,0.7722222222222223,180
205,tabpfn,propensity,8,event,0.038475268622799624,0.56,25
205,tabpfn,propensity,8,disrupted,0.025146951623938346,0.7121212121212122,66
205,tabpfn,propensity,8,normal,0.02044538556910645,0.8333333333333334,96
205,tabpfn,propensity,9,all,0.02450352166121885,0.8055555555555556,180
205,tabpfn,propensity,9,event,0.0362151305067444,0.68,25
205,tabpfn,propensity,9,disrupted,0.025861477909036465,0.8307692307692308,65
205,tabpfn,propensity,9,normal,0.022235809950448954,0.8144329896907216,97
205,tabpfn,propensity,10,all,0.024511615394628785,0.8333333333333334,180
205,tabpfn,propensity,10,event,0.03727445292837366,0.68,25
205,tabpfn,propensity,10,disrupted,0.024616209403154593,0.84375,64
205,tabpfn,propensity,10,normal,0.022226389940132055,0.8571428571428571,98
205,tabpfn,propensity,11,all,0.02438793966459614,0.7888888888888889,180
205,tabpfn,propensity,11,event,0.03369558097839218,0.7083333333333334,24
205,tabpfn,propensity,11,disrupted,0.023587855113425652,0.7619047619047619,63
205,tabpfn,propensity,11,normal,0.022716100372420958,0.8181818181818182,99
205,tabpfn,propensity,12,all,0.024478133073786327,0.7611111111111111,180
205,tabpfn,propensity,12,event,0.03412050281559561,0.6666666666666666,24
205,tabpfn,propensity,12,disrupted,0.02491961009413597,0.6774193548387096,62
205,tabpfn,propensity,12,normal,0.022539789156211514,0.83,100
205,tabpfn,propensity,13,all,0.024226243669126363,0.7555555555555555,180
205,tabpfn,propensity,13,event,0.036237698988534746,0.625,24
205,tabpfn,propensity,13,disrupted,0.023292557499840456,0.6935483870967742,62
205,tabpfn,propensity,13,normal,0.022415895608688875,0.82,100
205,tabpfn,arrivals,0,all,1.4139985332659433,0.8277777777777777,180
205,tabpfn,arrivals,0,event,1.212822895842658,0.875,24
205,tabpfn,arrivals,0,disrupted,1.4708641270350877,0.8169014084507042,71
205,tabpfn,arrivals,0,normal,1.3725099325299706,0.8369565217391305,92
205,tabpfn,arrivals,1,all,1.4231486349516684,0.8166666666666667,180
205,tabpfn,arrivals,1,event,1.2276208217917546,0.8333333333333334,24
205,tabpfn,arrivals,1,disrupted,1.4770456086540509,0.8028169014084507,71
205,tabpfn,arrivals,1,normal,1.3834740502265854,0.8369565217391305,92
205,tabpfn,arrivals,2,all,1.468842810505825,0.8055555555555556,180
205,tabpfn,arrivals,2,event,1.270031125561094,0.7916666666666666,24
205,tabpfn,arrivals,2,disrupted,1.532332525923619,0.8169014084507042,71
205,tabpfn,arrivals,2,normal,1.4275324226244996,0.8152173913043478,92
205,tabpfn,arrivals,3,all,1.4732913644715766,0.8166666666666667,180
205,tabpfn,arrivals,3,event,1.2902600339337391,0.8,25
205,tabpfn,arrivals,3,disrupted,1.5575875599337259,0.8309859154929577,71
205,tabpfn,arrivals,3,normal,1.4087211694765533,0.8241758241758241,91
205,tabpfn,arrivals,4,all,1.4751422187560068,0.8,180
205,tabpfn,arrivals,4,event,1.31544947179995,0.76,25
205,tabpfn,arrivals,4,disrupted,1.5667767662949879,0.8,70
205,tabpfn,arrivals,4,normal,1.406957847284533,0.8260869565217391,92
205,tabpfn,arrivals,5,all,1.4670664273294625,0.7944444444444444,180
205,tabpfn,arrivals,5,event,1.2265060471126081,0.72,25
205,tabpfn,arrivals,5,disrupted,1.5531413212342857,0.7681159420289855,69
205,tabpfn,arrivals,5,normal,1.4189588816822922,0.8387096774193549,93
205,tabpfn,arrivals,6,all,1.4448337965940798,0.8166666666666667,180
205,tabpfn,arrivals,6,event,1.2159124032117996,0.8,25
205,tabpfn,arrivals,6,disrupted,1.5476934987428086,0.7941176470588235,68
205,tabpfn,arrivals,6,normal,1.3835537931663247,0.851063829787234,94
205,tabpfn,arrivals,7,all,1.4483715814721576,0.8166666666666667,180
205,tabpfn,arrivals,7,event,1.2441223781479502,0.8,25
205,tabpfn,arrivals,7,disrupted,1.549016757504441,0.8059701492537313,67
205,tabpfn,arrivals,7,normal,1.3925202081848702,0.8421052631578947,95
205,tabpfn,arrivals,8,all,1.4786809079128573,0.8111111111111111,180
205,tabpfn,arrivals,8,event,1.2626617021610926,0.8,25
205,tabpfn,arrivals,8,disrupted,1.5717649602161363,0.803030303030303,66
205,tabpfn,arrivals,8,normal,1.4292863782057825,0.8333333333333334,96
205,tabpfn,arrivals,9,all,1.4850163714089644,0.7611111111111111,180
205,tabpfn,arrivals,9,event,1.2624181718876553,0.8,25
205,tabpfn,arrivals,9,disrupted,1.573966797877006,0.7384615384615385,65
205,tabpfn,arrivals,9,normal,1.4424956395406892,0.7835051546391752,97
205,tabpfn,arrivals,10,all,1.5446058502167483,0.7833333333333333,180
205,tabpfn,arrivals,10,event,1.3405671293676522,0.8,25
205,tabpfn,arrivals,10,disrupted,1.632270785902072,0.75,64
205,tabpfn,arrivals,10,normal,1.5058459337877026,0.8163265306122449,98
205,tabpfn,arrivals,11,all,1.5432930412508192,0.7611111111111111,180
205,tabpfn,arrivals,11,event,1.3530730533503696,0.7916666666666666,24
205,tabpfn,arrivals,11,disrupted,1.6325526409230173,0.7301587301587301,63
205,tabpfn,arrivals,11,normal,1.501440108848427,0.7878787878787878,99
205,tabpfn,arrivals,12,all,1.5474357629734774,0.7777777777777778,180
205,tabpfn,arrivals,12,event,1.2924105206807803,0.7916666666666666,24
205,tabpfn,arrivals,12,disrupted,1.6145467153290443,0.7903225806451613,62
205,tabpfn,arrivals,12,normal,1.5363112356637358,0.78,100
205,tabpfn,arrivals,13,all,1.5332062882990252,0.7666666666666667,180
205,tabpfn,arrivals,13,event,1.360112598298695,0.7083333333333334,24
205,tabpfn,arrivals,13,disrupted,1.5664206348870298,0.7741935483870968,62
205,tabpfn,arrivals,13,normal,1.5310161392386363,0.78,100
205,tabpfn,price_fast,1,all,0.27684334080839645,0.7777777777777778,180
205,tabpfn,price_fast,1,event,0.29927389644171276,0.75,24
205,tabpfn,price_fast,1,disrupted,0.331254154984412,0.7464788732394366,71
205,tabpfn,price_fast,1,normal,0.2408474433445173,0.8043478260869565,92
205,tabpfn,price_fast,2,all,0.3112201180043191,0.7888888888888889,180
205,tabpfn,price_fast,2,event,0.33013480425753505,0.75,24
205,tabpfn,price_fast,2,disrupted,0.3708414551692874,0.7605633802816901,71
205,tabpfn,price_fast,2,normal,0.27226041343916296,0.8152173913043478,92
205,tabpfn,price_fast,3,all,0.33620473469260437,0.7888888888888889,180
205,tabpfn,price_fast,3,event,0.35185881021214416,0.76,25
205,tabpfn,price_fast,3,disrupted,0.4014770957394716,0.7323943661971831,71
205,tabpfn,price_fast,3,normal,0.2927989923207895,0.8351648351648352,91
205,tabpfn,price_fast,4,all,0.35004931109356685,0.8,180
205,tabpfn,price_fast,4,event,0.36769154379915503,0.84,25
205,tabpfn,price_fast,4,disrupted,0.4171749683203784,0.7285714285714285,70
205,tabpfn,price_fast,4,normal,0.3069361720274765,0.8369565217391305,92
205,tabpfn,price_fast,5,all,0.3553890715221366,0.7944444444444444,180
205,tabpfn,price_fast,5,event,0.3543428294123661,0.88,25
205,tabpfn,price_fast,5,disrupted,0.42066912690118385,0.7536231884057971,69
205,tabpfn,price_fast,5,normal,0.31763246143300383,0.7956989247311828,93
205,tabpfn,price_fast,6,all,0.35755530387337114,0.8111111111111111,180
205,tabpfn,price_fast,6,event,0.34845048882040375,0.88,25
205,tabpfn,price_fast,6,disrupted,0.41863528347756757,0.7647058823529411,68
205,tabpfn,price_fast,6,normal,0.32364281812056145,0.8191489361702128,94
205,tabpfn,price_fast,7,all,0.36007395405418685,0.8111111111111111,180
205,tabpfn,price_fast,7,event,0.3946156309803075,0.84,25
205,tabpfn,price_fast,7,disrupted,0.41902535029913063,0.7761194029850746,67
205,tabpfn,price_fast,7,normal,0.320067518041535,0.8210526315789474,95
205,tabpfn,price_fast,8,all,0.35800031795663884,0.8277777777777777,180
205,tabpfn,price_fast,8,event,0.39237986271945,0.84,25
205,tabpfn,price_fast,8,disrupted,0.41813860776010814,0.803030303030303,66
205,tabpfn,price_fast,8,normal,0.3192835805460652,0.8333333333333334,96
205,tabpfn,price_fast,9,all,0.35276780378367173,0.8111111111111111,180
205,tabpfn,price_fast,9,event,0.37667947158654724,0.84,25
205,tabpfn,price_fast,9,disrupted,0.410156699586237,0.7846153846153846,65
205,tabpfn,price_fast,9,normal,0.3147728727068919,0.8247422680412371,97
205,tabpfn,price_fast,10,all,0.3529010406614585,0.8222222222222222,180
205,tabpfn,price_fast,10,event,0.39304628069510145,0.84,25
205,tabpfn,price_fast,10,disrupted,0.4151155635994781,0.796875,64
205,tabpfn,price_fast,10,normal,0.3090642047228167,0.8367346938775511,98
205,tabpfn,price_fast,11,all,0.35169248738446557,0.8166666666666667,180
205,tabpfn,price_fast,11,event,0.3732221944574494,0.875,24
205,tabpfn,price_fast,11,disrupted,0.42597022293463743,0.7777777777777778,63
205,tabpfn,price_fast,11,normal,0.30670819351105355,0.8282828282828283,99
205,tabpfn,price_fast,12,all,0.35071345333961834,0.8277777777777777,180
205,tabpfn,price_fast,12,event,0.3647068491819255,0.875,24
205,tabpfn,price_fast,12,disrupted,0.42991155198891334,0.8064516129032258,62
205,tabpfn,price_fast,12,normal,0.3050491479035984,0.83,100
205,tabpfn,price_fast,13,all,0.36050350794951036,0.8166666666666667,180
205,tabpfn,price_fast,13,event,0.3751716159121013,0.875,24
205,tabpfn,price_fast,13,disrupted,0.45174728880763243,0.7580645161290323,62
205,tabpfn,price_fast,13,normal,0.30577290073030167,0.84,100
205,tabpfn,price_slow,1,all,0.16274878277157376,0.7388888888888889,180
205,tabpfn,price_slow,1,event,0.17582250194554402,0.6666666666666666,24
205,tabpfn,price_slow,1,disrupted,0.183509216811794,0.704225352112676,71
205,tabpfn,price_slow,1,normal,0.14763223986592375,0.782608695652174,92
205,tabpfn,price_slow,2,all,0.17362443752184026,0.7555555555555555,180
205,tabpfn,price_slow,2,event,0.19776776847614988,0.625,24
205,tabpfn,price_slow,2,disrupted,0.1909687048651278,0.7323943661971831,71
205,tabpfn,price_slow,2,normal,0.15779274487607073,0.8043478260869565,92
205,tabpfn,price_slow,3,all,0.18128636203805085,0.7777777777777778,180
205,tabpfn,price_slow,3,event,0.1958860345374609,0.72,25
205,tabpfn,price_slow,3,disrupted,0.1986505594899688,0.7887323943661971,71
205,tabpfn,price_slow,3,normal,0.16630388443605437,0.7912087912087912,91
205,tabpfn,price_slow,4,all,0.19339988007755374,0.7777777777777778,180
205,tabpfn,price_slow,4,event,0.2049755276393237,0.72,25
205,tabpfn,price_slow,4,disrupted,0.20576697006110148,0.8142857142857143,70
205,tabpfn,price_slow,4,normal,0.18444080229500717,0.7717391304347826,92
205,tabpfn,price_slow,5,all,0.20064677875179693,0.75,180
205,tabpfn,price_slow,5,event,0.22069627030193437,0.68,25
205,tabpfn,price_slow,5,disrupted,0.2104412803205889,0.7681159420289855,69
205,tabpfn,price_slow,5,normal,0.19173125225127371,0.7634408602150538,93
205,tabpfn,price_slow,6,all,0.2087918077522665,0.7444444444444445,180
205,tabpfn,price_slow,6,event,0.2213375006834519,0.64,25
205,tabpfn,price_slow,6,disrupted,0.21647472029277395,0.7647058823529411,68
205,tabpfn,price_slow,6,normal,0.2030896488650203,0.7553191489361702,94
205,tabpfn,price_slow,7,all,0.21768512759666597,0.75,180
205,tabpfn,price_slow,7,event,0.23236272729843807,0.76,25
205,tabpfn,price_slow,7,disrupted,0.22901512104446595,0.7611940298507462,67
205,tabpfn,price_slow,7,normal,0.20907206252046157,0.7473684210526316,95
205,tabpfn,price_slow,8,all,0.22215692077567956,0.7277777777777777,180
205,tabpfn,price_slow,8,event,0.24959506810749066,0.76,25
205,tabpfn,price_slow,8,disrupted,0.2311365083094272,0.7424242424242424,66
205,tabpfn,price_slow,8,normal,0.21262701891467187,0.71875,96
205,tabpfn,price_slow,9,all,0.2289482066843789,0.7333333333333333,180
205,tabpfn,price_slow,9,event,0.2584980064319735,0.72,25
205,tabpfn,price_slow,9,disrupted,0.23517624907039253,0.7384615384615385,65
205,tabpfn,price_slow,9,normal,0.2213558139106303,0.7319587628865979,97
205,tabpfn,price_slow,10,all,0.2399800757582435,0.7333333333333333,180
205,tabpfn,price_slow,10,event,0.25054252333790045,0.76,25
205,tabpfn,price_slow,10,disrupted,0.24254357293271855,0.75,64
205,tabpfn,price_slow,10,normal,0.2350093203995926,0.7244897959183674,98
205,tabpfn,price_slow,11,all,0.24167804281459987,0.7333333333333333,180
205,tabpfn,price_slow,11,event,0.2537659091711106,0.7916666666666666,24
205,tabpfn,price_slow,11,disrupted,0.2459349194095925,0.746031746031746,63
205,tabpfn,price_slow,11,normal,0.2369798178259684,0.7171717171717171,99
205,tabpfn,price_slow,12,all,0.23997624740376983,0.7444444444444445,180
205,tabpfn,price_slow,12,event,0.24325435219762095,0.8333333333333334,24
205,tabpfn,price_slow,12,disrupted,0.2413003187430908,0.7741935483870968,62
205,tabpfn,price_slow,12,normal,0.2380366603651137,0.72,100
205,tabpfn,price_slow,13,all,0.2439376907938717,0.75,180
205,tabpfn,price_slow,13,event,0.2459195422615926,0.7916666666666666,24
205,tabpfn,price_slow,13,disrupted,0.24036112942538435,0.7903225806451613,62
205,tabpfn,price_slow,13,normal,0.2457482673744913,0.72,100
205,tabpfn,cap_fast,1,all,13.659169914626343,0.6833333333333333,180
205,tabpfn,cap_fast,1,event,10.22445824261712,0.6666666666666666,24
205,tabpfn,cap_fast,1,disrupted,26.771108405937262,0.4507042253521127,71
205,tabpfn,cap_fast,1,normal,5.347308948565087,0.8369565217391305,92
205,tabpfn,cap_fast,2,all,15.132263699327494,0.6777777777777778,180
205,tabpfn,cap_fast,2,event,10.85695267035942,0.7916666666666666,24
205,tabpfn,cap_fast,2,disrupted,29.39621730598668,0.4225352112676056,71
205,tabpfn,cap_fast,2,normal,6.108247452215767,0.8260869565217391,92
205,tabpfn,cap_fast,3,all,16.426404898732276,0.6833333333333333,180
205,tabpfn,cap_fast,3,event,11.250446231956222,0.8,25
205,tabpfn,cap_fast,3,disrupted,31.813330343864227,0.4084507042253521,71
205,tabpfn,cap_fast,3,normal,6.691084392416692,0.8461538461538461,91
205,tabpfn,cap_fast,4,all,17.68763085648026,0.6944444444444444,180
205,tabpfn,cap_fast,4,event,12.784291885799435,0.76,25
205,tabpfn,cap_fast,4,disrupted,34.15662101070149,0.44285714285714284,70
205,tabpfn,cap_fast,4,normal,7.451869085188097,0.8369565217391305,92
205,tabpfn,cap_fast,5,all,18.28293076291844,0.6888888888888889,180
205,tabpfn,cap_fast,5,event,13.711684217977236,0.76,25
205,tabpfn,cap_fast,5,disrupted,35.01116529970026,0.43478260869565216,69
205,tabpfn,cap_fast,5,normal,8.14472694863382,0.8279569892473119,93
205,tabpfn,cap_fast,6,all,18.653080376563782,0.6777777777777778,180
205,tabpfn,cap_fast,6,event,14.130725600587748,0.72,25
205,tabpfn,cap_fast,6,disrupted,34.9667421686455,0.4117647058823529,68
205,tabpfn,cap_fast,6,normal,8.99163525669126,0.8297872340425532,94
205,tabpfn,cap_fast,7,all,19.076679509835927,0.6777777777777778,180
205,tabpfn,cap_fast,7,event,14.17257752549207,0.72,25
205,tabpfn,cap_fast,7,disrupted,35.76511028577737,0.417910447761194,67
205,tabpfn,cap_fast,7,normal,9.269374686454102,0.8315789473684211,95
205,tabpfn,cap_fast,8,all,19.24102899101386,0.6555555555555556,180
205,tabpfn,cap_fast,8,event,14.255201837509777,0.64,25
205,tabpfn,cap_fast,8,disrupted,36.466163299624334,0.4393939393939394,66
205,tabpfn,cap_fast,8,normal,9.352221859243988,0.7916666666666666,96
205,tabpfn,cap_fast,9,all,19.5964873520429,0.6611111111111111,180
205,tabpfn,cap_fast,9,event,15.13083845313193,0.68,25
205,tabpfn,cap_fast,9,disrupted,37.553327599285424,0.4307692307692308,65
205,tabpfn,cap_fast,9,normal,9.370293332614574,0.8041237113402062,97
205,tabpfn,cap_fast,10,all,19.68483098762673,0.6888888888888889,180
205,tabpfn,cap_fast,10,event,15.946122161133752,0.72,25
205,tabpfn,cap_fast,10,disrupted,37.85141156244842,0.484375,64
205,tabpfn,cap_fast,10,normal,9.381677273295237,0.8061224489795918,98
205,tabpfn,cap_fast,11,all,19.788039209170073,0.6833333333333333,180
205,tabpfn,cap_fast,11,event,16.375510872173876,0.7083333333333334,24
205,tabpfn,cap_fast,11,disrupted,38.6847052902129,0.49206349206349204,63
205,tabpfn,cap_fast,11,normal,9.07121495476452,0.797979797979798,99
205,tabpfn,cap_fast,12,all,19.678414761606273,0.7166666666666667,180
205,tabpfn,cap_fast,12,event,14.65379436919234,0.6666666666666666,24
205,tabpfn,cap_fast,12,disrupted,39.32399048027124,0.532258064516129,62
205,tabpfn,cap_fast,12,normal,9.21245204963153,0.84,100
205,tabpfn,cap_fast,13,all,19.625920807091983,0.7,180
205,tabpfn,cap_fast,13,event,15.419351110023952,0.7083333333333334,24
205,tabpfn,cap_fast,13,disrupted,39.305784607870095,0.5,62
205,tabpfn,cap_fast,13,normal,8.966909782793246,0.82,100
205,tabpfn,cap_slow,1,all,18.807609571175924,0.8277777777777777,180
205,tabpfn,cap_slow,1,event,22.02073142930671,0.8333333333333334,24
205,tabpfn,cap_slow,1,disrupted,32.59706750205057,0.704225352112676,71
205,tabpfn,cap_slow,1,normal,9.103850035718631,0.9130434782608695,92
205,tabpfn,cap_slow,2,all,20.89377511363121,0.8555555555555555,180
205,tabpfn,cap_slow,2,event,21.971045664108704,0.875,24
205,tabpfn,cap_slow,2,disrupted,35.847049902735755,0.7746478873239436,71
205,tabpfn,cap_slow,2,normal,10.491006470856297,0.9130434782608695,92
205,tabpfn,cap_slow,3,all,22.869218001197552,0.8388888888888889,180
205,tabpfn,cap_slow,3,event,26.96895358876476,0.8,25
205,tabpfn,cap_slow,3,disrupted,39.60465879811864,0.7464788732394366,71
205,tabpfn,cap_slow,3,normal,11.41949007011932,0.9010989010989011,91
205,tabpfn,cap_slow,4,all,24.34505039812466,0.85,180
205,tabpfn,cap_slow,4,event,27.33567081288585,0.84,25
205,tabpfn,cap_slow,4,disrupted,42.678573080892384,0.7714285714285715,70
205,tabpfn,cap_slow,4,normal,12.280125714940917,0.9021739130434783,92
205,tabpfn,cap_slow,5,all,26.284241413094964,0.8166666666666667,180
205,tabpfn,cap_slow,5,event,28.575995323654595,0.84,25
205,tabpfn,cap_slow,5,disrupted,45.97893428587004,0.7101449275362319,69
205,tabpfn,cap_slow,5,normal,13.513770525725745,0.8817204301075269,93
205,tabpfn,cap_slow,6,all,27.768267677394558,0.8166666666666667,180
205,tabpfn,cap_slow,6,event,29.758737219135853,0.84,25
205,tabpfn,cap_slow,6,disrupted,47.963399264086846,0.7205882352941176,68
205,tabpfn,cap_slow,6,normal,15.03921376680055,0.8723404255319149,94
205,tabpfn,cap_slow,7,all,28.96885655219979,0.8333333333333334,180
205,tabpfn,cap_slow,7,event,33.12587641522174,0.84,25
205,tabpfn,cap_slow,7,disrupted,49.09966152544947,0.7761194029850746,67
205,tabpfn,cap_slow,7,normal,16.919292472145486,0.8631578947368421,95
205,tabpfn,cap_slow,8,all,29.46880642283085,0.8666666666666667,180
205,tabpfn,cap_slow,8,event,33.4199834708858,0.88,25
205,tabpfn,cap_slow,8,disrupted,49.98516724945122,0.8484848484848485,66
205,tabpfn,cap_slow,8,normal,17.441608627534535,0.875,96
205,tabpfn,cap_slow,9,all,29.479619723546254,0.8666666666666667,180
205,tabpfn,cap_slow,9,event,34.153351678640625,0.84,25
205,tabpfn,cap_slow,9,disrupted,49.691204073156854,0.8615384615384616,65
205,tabpfn,cap_slow,9,normal,17.684089361127644,0.8762886597938144,97
205,tabpfn,cap_slow,10,all,29.378127543096333,0.8777777777777778,180
205,tabpfn,cap_slow,10,event,33.824146079107926,0.84,25
205,tabpfn,cap_slow,10,disrupted,49.995178520558305,0.859375,64
205,tabpfn,cap_slow,10,normal,17.52302926245222,0.8979591836734694,98
205,tabpfn,cap_slow,11,all,29.145771344154497,0.8833333333333333,180
205,tabpfn,cap_slow,11,event,27.88956013815749,0.875,24
205,tabpfn,cap_slow,11,disrupted,49.71999524865733,0.8571428571428571,63
205,tabpfn,cap_slow,11,normal,18.520263474755147,0.898989898989899,99
205,tabpfn,cap_slow,12,all,28.949168607089426,0.8888888888888888,180
205,tabpfn,cap_slow,12,event,27.16247066388182,0.9583333333333334,24
205,tabpfn,cap_slow,12,disrupted,49.764107411975345,0.8387096774193549,62
205,tabpfn,cap_slow,12,normal,18.725640408209312,0.9,100
205,tabpfn,cap_slow,13,all,29.434422068034472,0.8888888888888888,180
205,tabpfn,cap_slow,13,event,27.157427942556264,0.9583333333333334,24
205,tabpfn,cap_slow,13,disrupted,51.61549105845858,0.8064516129032258,62
205,tabpfn,cap_slow,13,normal,18.530103830623958,0.92,100
